Rank,Song,Artist,Last_Week,Peak_Position,Weeks_on_Chart,Date
1,All I Want For Christmas Is You,Mariah Carey,1,1,9,2024-01-06
2,Last Christmas,Wham!,4,2,9,2024-01-06
3,Misty,Lesley Gore,NEW,3,1,2024-01-06
4,Everybody,Nicki Minaj Featuring Lil Uzi Vert,5,4,3,2024-01-06
5,My Love Mine All Mine,Mitski,6,1,15,2024-01-06
6,Surround Sound,JID Featuring 21 Savage & Baby Tate,2,1,7,2024-01-06
7,Let The Light In,Lana Del Rey Featuring Father John Misty,3,3,5,2024-01-06
8,When We Were Young,Adele,24,8,2,2024-01-06
9,FTCU,Nicki Minaj,7,7,3,2024-01-06
10,Lovin On Me,Jack Harlow,11,4,8,2024-01-06
11,Margaret,Lana Del Rey Featuring Bleachers,9,9,6,2024-01-06
12,Something That I Want,Grace Potter,32,12,2,2024-01-06
13,Never Lose Me,Flo Milli,13,11,4,2024-01-06
14,Cha Cha,Zeddy Will,49,14,2,2024-01-06
15,Rockin' Around The Christmas Tree,Brenda Lee,8,6,8,2024-01-06
16,La Diabla,Xavi,16,16,3,2024-01-06
17,Feliz Navidad,Jose Feliciano,17,17,2,2024-01-06
18,A New Home,Frozen Silence,30,18,2,2024-01-06
19,Mr. Take Ya B*tch,Lil Mabu & chriseanrock,14,1,11,2024-01-06
20,i miss your warm hands,i don't like mirrors,NEW,20,1,2024-01-06
21,Nothing's New,Rio Romeo,RE-ENTRY,21,5,2024-01-06
22,Boss Ass Bitch (Remix),Nicki Minaj & PTAF,34,22,2,2024-01-06
23,Hoist the Colours (Bass Singers Version),Bobby Bass,15,15,2,2024-01-06
24,That's My Best Friend,Tokyo Vanity,28,24,3,2024-01-06
25,Agora Hills,Doja Cat,19,8,12,2024-01-06
26,Runaway,Kanye West Featuring Pusha T,21,3,7,2024-01-06
27,Sleigh Ride (PhatCap! Trap Remix),The Ronettes,10,3,6,2024-01-06
28,Ain't Gonna Answer,NLE Choppa Featuring Lil Wayne,22,22,3,2024-01-06
29,Greedy (Sped Up),Tate McRae,25,4,14,2024-01-06
30,Pink Friday Girls,Nicki Minaj,43,30,2,2024-01-06
31,Confidence (Sped Up),Ocean Alley,37,31,2,2024-01-06
32,Murder On The Dancefloor,Sophie Ellis-Bextor,RE-ENTRY,32,2,2024-01-06
33,Dangerously In Love,Beyonce,NEW,33,1,2024-01-06
34,Ick (Alt Ending),Lay Bankz,38,8,8,2024-01-06
35,Back Up,DeJ Loaf Featuring Big Sean,23,21,3,2024-01-06
36,Monaco,Bad Bunny,29,5,11,2024-01-06
37,Gods creation,Daniel.mp3,NEW,37,1,2024-01-06
38,I'm That Girl,Beyonce,NEW,38,1,2024-01-06
39,Tumblr Girls,G-Eazy Featuring Christoph Andersson,41,24,11,2024-01-06
40,What Love Is,Zimmer90,NEW,40,1,2024-01-06
41,Where Is Smiley?,Serani Poji,NEW,41,1,2024-01-06
42,Bed Peace,Jhene Aiko Featuring Childish Gambino,27,27,3,2024-01-06
43,Time,wayudance,NEW,43,1,2024-01-06
44,Gucci Flip Flops,Bhad Bhabie Featuring Lil Yachty,RE-ENTRY,44,2,2024-01-06
45,Luces Tenues,Anuel AA,NEW,45,1,2024-01-06
46,Deli,Ice Spice,45,4,14,2024-01-06
47,One Of The Girls,"The Weeknd, Jennie & Lily-Rose Depp",50,47,2,2024-01-06
48,Lollipop,"Darell, Ozuna & Maluma",12,3,9,2024-01-06
49,Jingle Bell Rock,Bobby Helms,18,18,4,2024-01-06
50,No Bars,JT,NEW,50,1,2024-01-06
1,Misty,Lesley Gore,3,1,2,2024-01-13
2,Everybody,Nicki Minaj Featuring Lil Uzi Vert,4,2,4,2024-01-13
3,Sky,Playboi Carti,RE-ENTRY,1,5,2024-01-13
4,My Love Mine All Mine,Mitski,5,1,16,2024-01-13
5,Surround Sound,JID Featuring 21 Savage & Baby Tate,6,1,8,2024-01-13
6,Let The Light In,Lana Del Rey Featuring Father John Misty,7,3,6,2024-01-13
7,Never Lose Me,Flo Milli,13,7,5,2024-01-13
8,Choose U (Clean Album Version),Project Pat,NEW,8,1,2024-01-13
9,FTCU,Nicki Minaj,9,7,4,2024-01-13
10,Murder On The Dancefloor,Sophie Ellis-Bextor,32,10,3,2024-01-13
11,Cha Cha,Zeddy Will,14,11,3,2024-01-13
12,Mr. Take Ya B*tch,Lil Mabu & chriseanrock,19,1,12,2024-01-13
13,Margaret,Lana Del Rey Featuring Bleachers,11,9,7,2024-01-13
14,La Diabla,Xavi,16,14,4,2024-01-13
15,Ya No Tengo Tu Love,Sie7e,NEW,15,1,2024-01-13
16,Lovin On Me,Jack Harlow,10,4,9,2024-01-13
17,A New Home,Frozen Silence,18,17,3,2024-01-13
18,Pink Friday Girls,Nicki Minaj,30,18,3,2024-01-13
19,Something That I Want,Grace Potter,12,12,3,2024-01-13
20,Little Life,Cordelia,RE-ENTRY,20,3,2024-01-13
21,Gucci Flip Flops,Bhad Bhabie Featuring Lil Yachty,44,21,3,2024-01-13
22,Clocks,Coldplay,NEW,22,1,2024-01-13
23,Solas x Interstellar,Gabriel Albuquerque,NEW,23,1,2024-01-13
24,Greedy (Sped Up),Tate McRae,29,4,15,2024-01-13
25,Confidence (Sped Up),Ocean Alley,31,25,3,2024-01-13
26,Hoist the Colours (Bass Singers Version),Bobby Bass,23,15,3,2024-01-13
27,Ain't Gonna Answer,NLE Choppa Featuring Lil Wayne,28,22,4,2024-01-13
28,That's My Best Friend,Tokyo Vanity,24,24,4,2024-01-13
29,Turn Gold,Carter Lee,NEW,29,1,2024-01-13
30,Better Place (Family Harmony),"Justin Timberlake, Eric Andre, Daveed Diggs, Kid Cudi, Troye Sivan, Anna Kendrick & Camila Cabello",NEW,30,1,2024-01-13
31,Nothing's New,Rio Romeo,21,21,6,2024-01-13
32,Agora Hills,Doja Cat,25,8,13,2024-01-13
33,Swimming Pools (Drank) Extended Version,Kendrick Lamar,NEW,33,1,2024-01-13
34,Runaway,Kanye West Featuring Pusha T,26,3,8,2024-01-13
35,Monaco,Bad Bunny,36,5,12,2024-01-13
36,Bed Peace,Jhene Aiko Featuring Childish Gambino,42,27,4,2024-01-13
37,Practice,Drake,NEW,37,1,2024-01-13
38,Tumblr Girls,G-Eazy Featuring Christoph Andersson,39,24,12,2024-01-13
39,i miss your warm hands,i don't like mirrors,20,20,2,2024-01-13
40,Where Is Smiley?,Serani Poji,41,40,2,2024-01-13
41,Stargazing (Slowed + Reverb),Marcelo De Carvalho,NEW,41,1,2024-01-13
42,Slipping Through My Fingers,Declan McKenna,NEW,42,1,2024-01-13
43,Luces Tenues,Anuel AA,45,43,2,2024-01-13
44,Hell N Back,Bakar Featuring Summer Walker,NEW,44,1,2024-01-13
45,Rich Baby Daddy,Drake Featuring Sexyy Red & SZA,RE-ENTRY,10,10,2024-01-13
46,All I Want For Christmas Is You,Mariah Carey,1,1,10,2024-01-13
47,Happiest Year,Jaymes Young,NEW,47,1,2024-01-13
48,Dangerously In Love,Beyonce,33,33,2,2024-01-13
49,No Bars,JT,50,49,2,2024-01-13
50,One Of The Girls,"The Weeknd, Jennie & Lily-Rose Depp",47,47,3,2024-01-13
1,Never Lose Me,Flo Milli,7,1,6,2024-01-20
2,Misty,Lesley Gore,1,1,3,2024-01-20
3,Murder On The Dancefloor,Sophie Ellis-Bextor,10,3,4,2024-01-20
4,Everybody,Nicki Minaj Featuring Lil Uzi Vert,2,2,5,2024-01-20
5,My Love Mine All Mine,Mitski,4,1,17,2024-01-20
6,Surround Sound,JID Featuring 21 Savage & Baby Tate,5,1,9,2024-01-20
7,Let The Light In,Lana Del Rey Featuring Father John Misty,6,3,7,2024-01-20
8,I Wouldn't Mind,He Is We,NEW,8,1,2024-01-20
9,Little Life,Cordelia,20,9,4,2024-01-20
10,La Diabla,Xavi,14,10,5,2024-01-20
11,Slipping Through My Fingers,Declan McKenna,42,11,2,2024-01-20
12,Cha Cha,Zeddy Will,11,11,4,2024-01-20
13,FTCU,Nicki Minaj,9,7,5,2024-01-20
14,Margaret,Lana Del Rey Featuring Bleachers,13,9,8,2024-01-20
15,Choose U (Clean Album Version),Project Pat,8,8,2,2024-01-20
16,Pink Friday Girls,Nicki Minaj,18,16,4,2024-01-20
17,Hoist the Colours (Bass Singers Version),Bobby Bass,26,15,4,2024-01-20
18,Good Googly Moogly,Project Pat Featuring D.J. Paul & Juicy J. Of Three 6 Mafia,NEW,18,1,2024-01-20
19,Vampire Empire,Big Thief,NEW,19,1,2024-01-20
20,Mr. Take Ya B*tch,Lil Mabu & chriseanrock,12,1,13,2024-01-20
21,Confidence (Sped Up),Ocean Alley,25,21,4,2024-01-20
22,Something That I Want,Grace Potter,19,12,4,2024-01-20
23,Swimming Pools (Drank) Extended Version,Kendrick Lamar,33,23,2,2024-01-20
24,Lovin On Me,Jack Harlow,16,4,10,2024-01-20
25,Rich Baby Daddy,Drake Featuring Sexyy Red & SZA,45,10,11,2024-01-20
26,Nothing's New,Rio Romeo,31,21,7,2024-01-20
27,Gucci Flip Flops,Bhad Bhabie Featuring Lil Yachty,21,21,4,2024-01-20
28,That's My Best Friend,Tokyo Vanity,28,24,5,2024-01-20
29,Bed Peace,Jhene Aiko Featuring Childish Gambino,36,27,5,2024-01-20
30,What Was I Made For?,Billie Eilish,RE-ENTRY,6,17,2024-01-20
31,Ain't Gonna Answer,NLE Choppa Featuring Lil Wayne,27,22,5,2024-01-20
32,Monaco,Bad Bunny,35,5,13,2024-01-20
33,Greedy (Sped Up),Tate McRae,24,4,16,2024-01-20
34,Runaway,Kanye West Featuring Pusha T,34,3,9,2024-01-20
35,Where Is Smiley?,Serani Poji,40,35,3,2024-01-20
36,Agora Hills,Doja Cat,32,8,14,2024-01-20
37,Tumblr Girls,G-Eazy Featuring Christoph Andersson,38,24,13,2024-01-20
38,Practice,Drake,37,37,2,2024-01-20
39,Hell N Back,Bakar Featuring Summer Walker,44,39,2,2024-01-20
40,One Of The Girls,"The Weeknd, Jennie & Lily-Rose Depp",50,40,4,2024-01-20
41,Never Be Like You,Flume Featuring Kai,NEW,41,1,2024-01-20
42,Throw Back,DJ Waaa,NEW,42,1,2024-01-20
43,Better Place (Family Harmony),"Justin Timberlake, Eric Andre, Daveed Diggs, Kid Cudi, Troye Sivan, Anna Kendrick & Camila Cabello",30,30,2,2024-01-20
44,Dangerously In Love,Beyonce,48,33,3,2024-01-20
45,Act II: Date @ 8,4batz Featuring Drake,NEW,45,1,2024-01-20
46,No More Excuses,Dstarbo,NEW,46,1,2024-01-20
47,No Bars,JT,49,47,3,2024-01-20
48,Hooligang,Joey Valence And Brae,RE-ENTRY,16,7,2024-01-20
49,Lifestyle,Rich Gang Featuring Young Thug & Rich Homie Quan,NEW,49,1,2024-01-20
50,Those Eyes,New West,RE-ENTRY,50,2,2024-01-20
1,Never Lose Me,Flo Milli,1,1,7,2024-01-27
2,I Wouldn't Mind,He Is We,8,2,2,2024-01-27
3,Murder On The Dancefloor,Sophie Ellis-Bextor,3,3,5,2024-01-27
4,Little Life,Cordelia,9,4,5,2024-01-27
5,Choose U (Clean Album Version),Project Pat,15,5,3,2024-01-27
6,Misty,Lesley Gore,2,1,4,2024-01-27
7,Good Googly Moogly,Project Pat Featuring D.J. Paul & Juicy J. Of Three 6 Mafia,18,7,2,2024-01-27
8,Everybody,Nicki Minaj Featuring Lil Uzi Vert,4,2,6,2024-01-27
9,Time To Pretend,MGMT,NEW,9,1,2024-01-27
10,My Love Mine All Mine,Mitski,5,1,18,2024-01-27
11,La Diabla,Xavi,10,10,6,2024-01-27
12,Made For Me,Muni Long,NEW,12,1,2024-01-27
13,Cha Cha,Zeddy Will,12,11,5,2024-01-27
14,Surround Sound,JID Featuring 21 Savage & Baby Tate,6,1,10,2024-01-27
15,Let The Light In,Lana Del Rey Featuring Father John Misty,7,3,8,2024-01-27
16,Point In My Life,Gucci Mane,NEW,16,1,2024-01-27
17,Lovin On Me,Jack Harlow,24,4,11,2024-01-27
18,Slipping Through My Fingers,Declan McKenna,11,11,3,2024-01-27
19,Aloha,10k.Caash Featuring GUN40,NEW,19,1,2024-01-27
20,FTCU,Nicki Minaj,13,7,6,2024-01-27
21,The Percocet & Stripper Joint,Future,NEW,21,1,2024-01-27
22,Pink Friday Girls,Nicki Minaj,16,16,5,2024-01-27
23,"Yes, And?",Ariana Grande,NEW,23,1,2024-01-27
24,Igual Que Un Angel,Kali Uchis & Peso Pluma,NEW,24,1,2024-01-27
25,A New Home,Frozen Silence,RE-ENTRY,17,4,2024-01-27
26,Barbiez,Fuerza Regida,NEW,26,1,2024-01-27
27,Something That I Want,Grace Potter,22,12,5,2024-01-27
28,Cleared - Remix,Lilithzplug,NEW,28,1,2024-01-27
29,Vampire Empire,Big Thief,19,19,2,2024-01-27
30,Margaret,Lana Del Rey Featuring Bleachers,14,9,9,2024-01-27
31,Bed Peace,Jhene Aiko Featuring Childish Gambino,29,27,6,2024-01-27
32,Rich Baby Daddy,Drake Featuring Sexyy Red & SZA,25,10,12,2024-01-27
33,Nothing's New,Rio Romeo,26,21,8,2024-01-27
34,Hoist the Colours (Bass Singers Version),Bobby Bass,17,15,5,2024-01-27
35,Act II: Date @ 8,4batz Featuring Drake,45,35,2,2024-01-27
36,Tumblr Girls,G-Eazy Featuring Christoph Andersson,37,24,14,2024-01-27
37,Somethin' Stupid,Nancy Sinatra & Frank Sinatra,NEW,37,1,2024-01-27
38,Ain't Gonna Answer,NLE Choppa Featuring Lil Wayne,31,22,6,2024-01-27
39,"Lover, You Should've Come Over",Jeff Buckley,NEW,39,1,2024-01-27
40,That's My Best Friend,Tokyo Vanity,28,24,6,2024-01-27
41,Swimming Pools (Drank) Extended Version,Kendrick Lamar,23,23,3,2024-01-27
42,Confidence (Sped Up),Ocean Alley,21,21,5,2024-01-27
43,Solas x Interstellar,Gabriel Albuquerque,RE-ENTRY,23,2,2024-01-27
44,Relaxed,MC Mablo Dos Paredoes,NEW,44,1,2024-01-27
45,Bow Bow Bow (F My Baby Dad),Sexyy Red,RE-ENTRY,37,2,2024-01-27
46,Gucci Flip Flops,Bhad Bhabie Featuring Lil Yachty,27,21,5,2024-01-27
47,Popular,"The Weeknd, Playboi Carti & Madonna",NEW,47,1,2024-01-27
48,Stargazing (Slowed + Reverb),Marcelo De Carvalho,RE-ENTRY,41,2,2024-01-27
49,Runaway,Kanye West Featuring Pusha T,34,3,10,2024-01-27
50,Never Be Like You,Flume Featuring Kai,41,41,2,2024-01-27
1,Never Lose Me,Flo Milli,1,1,8,2024-02-03
2,Made For Me,Muni Long,12,2,2,2024-02-03
3,I Wouldn't Mind,He Is We,2,2,3,2024-02-03
4,Home,Good Neighbours,NEW,4,1,2024-02-03
5,Murder On The Dancefloor,Sophie Ellis-Bextor,3,3,6,2024-02-03
6,Little Life,Cordelia,4,4,6,2024-02-03
7,La Diabla,Xavi,11,7,7,2024-02-03
8,Somethin' Stupid,Nancy Sinatra & Frank Sinatra,37,8,2,2024-02-03
9,Rich Baby Daddy,Drake Featuring Sexyy Red & SZA,32,9,13,2024-02-03
10,Lovin On Me,Jack Harlow,17,4,12,2024-02-03
11,Let The Light In,Lana Del Rey Featuring Father John Misty,15,3,9,2024-02-03
12,Bag Season,Jay Lewis & Da Real Gee Money,NEW,12,1,2024-02-03
13,Linger,The Cranberries,NEW,13,1,2024-02-03
14,Igual Que Un Angel,Kali Uchis & Peso Pluma,24,14,2,2024-02-03
15,Everybody,Nicki Minaj Featuring Lil Uzi Vert,8,2,7,2024-02-03
16,My Love Mine All Mine,Mitski,10,1,19,2024-02-03
17,One Call,Rich Amiri,NEW,17,1,2024-02-03
18,"Yes, And?",Ariana Grande,23,18,2,2024-02-03
19,Choose U (Clean Album Version),Project Pat,5,5,4,2024-02-03
20,Margaret,Lana Del Rey Featuring Bleachers,30,9,10,2024-02-03
21,Point In My Life,Gucci Mane,16,16,2,2024-02-03
22,Misty,Lesley Gore,6,1,5,2024-02-03
23,FTCU,Nicki Minaj,20,7,7,2024-02-03
24,Good Googly Moogly,Project Pat Featuring D.J. Paul & Juicy J. Of Three 6 Mafia,7,7,3,2024-02-03
25,Time To Pretend,MGMT,9,9,2,2024-02-03
26,Cleared - Remix,Lilithzplug,28,26,2,2024-02-03
27,First Love,Oscar Ortiz X Edgardo Nunez,NEW,27,1,2024-02-03
28,Cha Cha,Zeddy Will,13,11,6,2024-02-03
29,Surround Sound,JID Featuring 21 Savage & Baby Tate,14,1,11,2024-02-03
30,Barbiez,Fuerza Regida,26,26,2,2024-02-03
31,I'd Rather Overdose,Honestav Featuring Z,NEW,31,1,2024-02-03
32,Never Be Like You,Flume Featuring Kai,50,32,3,2024-02-03
33,Nothing's New,Rio Romeo,33,21,9,2024-02-03
34,Bed Peace,Jhene Aiko Featuring Childish Gambino,31,27,7,2024-02-03
35,Trendsetter,Connor Price & Haviah Mighty,NEW,35,1,2024-02-03
36,Aloha,10k.Caash Featuring GUN40,19,19,2,2024-02-03
37,Pink Friday Girls,Nicki Minaj,22,16,6,2024-02-03
38,Act II: Date @ 8,4batz Featuring Drake,35,35,3,2024-02-03
39,Hoist the Colours (Bass Singers Version),Bobby Bass,34,15,6,2024-02-03
40,Tumblr Girls,G-Eazy Featuring Christoph Andersson,36,24,15,2024-02-03
41,Ain't Gonna Answer,NLE Choppa Featuring Lil Wayne,38,22,7,2024-02-03
42,Vampire Empire,Big Thief,29,19,3,2024-02-03
43,"Lover, You Should've Come Over",Jeff Buckley,39,39,2,2024-02-03
44,Slipping Through My Fingers,Declan McKenna,18,11,4,2024-02-03
45,Dark Side,Muzammal Ali,NEW,45,1,2024-02-03
46,Unwritten,Natasha Bedingfield,NEW,46,1,2024-02-03
47,Find Me Here (Blessings Find Me),Sherwin Gardner,NEW,47,1,2024-02-03
48,Something That I Want,Grace Potter,27,12,6,2024-02-03
49,Black Friday,Tom Odell,NEW,49,1,2024-02-03
50,Kids,Current Joys,NEW,50,1,2024-02-03
1,Never Lose Me,Flo Milli,1,1,9,2024-02-10
2,One Call,Rich Amiri,17,2,2,2024-02-10
3,Little Life,Cordelia,6,3,7,2024-02-10
4,I Wouldn't Mind,He Is We,3,2,4,2024-02-10
5,Dance You Outta My Head,Cat Janice,NEW,5,1,2024-02-10
6,Beautiful Things,Benson Boone,NEW,6,1,2024-02-10
7,Point In My Life,Gucci Mane,21,7,3,2024-02-10
8,My Love Mine All Mine,Mitski,16,1,20,2024-02-10
9,Lovin On Me,Jack Harlow,10,4,13,2024-02-10
10,Get In With Me,BossMan Dlow,NEW,10,1,2024-02-10
11,First Love,Oscar Ortiz X Edgardo Nunez,27,11,2,2024-02-10
12,Hiss,Megan Thee Stallion,NEW,12,1,2024-02-10
13,QKThr,Aphex Twin,NEW,13,1,2024-02-10
14,Trendsetter,Connor Price & Haviah Mighty,35,14,2,2024-02-10
15,Cleared - Remix,Lilithzplug,26,15,3,2024-02-10
16,Cha Cha,Zeddy Will,28,11,7,2024-02-10
17,Nothing's New,Rio Romeo,33,17,10,2024-02-10
18,Choose U (Clean Album Version),Project Pat,19,5,5,2024-02-10
19,Good Googly Moogly,Project Pat Featuring D.J. Paul & Juicy J. Of Three 6 Mafia,24,7,4,2024-02-10
20,Praise Jah In The Moonlight,YG Marley,NEW,20,1,2024-02-10
21,Stargazing (Slowed + Reverb),Marcelo De Carvalho,RE-ENTRY,21,3,2024-02-10
22,2 Days Into College,Aimee Carty,NEW,22,1,2024-02-10
23,I'd Rather Overdose,Honestav Featuring Z,31,23,2,2024-02-10
24,Barbiez,Fuerza Regida,30,24,3,2024-02-10
25,Kids,Current Joys,50,25,2,2024-02-10
26,Act II: Date @ 8,4batz Featuring Drake,38,26,4,2024-02-10
27,Little Things,Adrian Berenguer,NEW,27,1,2024-02-10
28,Tired,Kelly Price,RE-ENTRY,28,3,2024-02-10
29,Ain't Gonna Answer,NLE Choppa Featuring Lil Wayne,41,22,8,2024-02-10
30,Vampire Empire,Big Thief,42,19,4,2024-02-10
31,Money Counter,KARRAHBOOO,NEW,31,1,2024-02-10
32,Hoist the Colours (Bass Singers Version),Bobby Bass,39,15,7,2024-02-10
33,Confidence (Sped Up),Ocean Alley,RE-ENTRY,21,6,2024-02-10
34,Oi (Beat Da Koto Nai),Certified Trapper,NEW,34,1,2024-02-10
35,Good Looking,Suki Waterhouse,NEW,35,1,2024-02-10
36,Back It Up,Kblast,NEW,36,1,2024-02-10
37,Tumblr Girls,G-Eazy Featuring Christoph Andersson,40,24,16,2024-02-10
38,Selfish,PnB Rock,NEW,38,1,2024-02-10
39,Redrum,21 Savage,NEW,39,1,2024-02-10
40,Separate Ways (Worlds Apart) (Bryce Miller/Alloy Tracks Remix),Journey,NEW,40,1,2024-02-10
41,Time To Pretend,MGMT,25,9,3,2024-02-10
42,In This Shirt,The Irrepressibles,NEW,42,1,2024-02-10
43,"Lover, You Should've Come Over",Jeff Buckley,43,39,3,2024-02-10
44,A New Home,Frozen Silence,RE-ENTRY,17,5,2024-02-10
45,Alucin,Eugenio Esquivel X Grupo Marca Registrada X Sebastian Esquivel,NEW,45,1,2024-02-10
46,Sex On The Beach,PARTYNEXTDOOR,NEW,46,1,2024-02-10
47,Spread That Puss,Ayesha Erotica,NEW,47,1,2024-02-10
48,El Mejor,Chayin Rubio,NEW,48,1,2024-02-10
49,Every 1's A Winner (Groove Mix),Hot Chocolate,NEW,49,1,2024-02-10
50,Change Ya Life,Haiti Babii,NEW,50,1,2024-02-10
1,Dance You Outta My Head,Cat Janice,5,1,2,2024-02-17
2,Little Life,Cordelia,3,2,8,2024-02-17
3,One Call,Rich Amiri,2,2,3,2024-02-17
4,Never Lose Me,Flo Milli,1,1,10,2024-02-17
5,Yellow,Coldplay,NEW,5,1,2024-02-17
6,Get In With Me,BossMan Dlow,10,6,2,2024-02-17
7,I Wouldn't Mind,He Is We,4,2,5,2024-02-17
8,Beautiful Things,Benson Boone,6,6,2,2024-02-17
9,Praise Jah In The Moonlight,YG Marley,20,9,2,2024-02-17
10,My Love Mine All Mine,Mitski,8,1,21,2024-02-17
11,Good Looking,Suki Waterhouse,35,11,2,2024-02-17
12,Lovin On Me,Jack Harlow,9,4,14,2024-02-17
13,2 Days Into College,Aimee Carty,22,13,2,2024-02-17
14,I Don't Wanna Be Saved,Sexyy Red & Tay Keith,NEW,14,1,2024-02-17
15,Queen,TRU'ON'GTH!,NEW,15,1,2024-02-17
16,Unwritten,Natasha Bedingfield,RE-ENTRY,16,2,2024-02-17
17,Work Song (Other Voices Series 19),Hozier,NEW,17,1,2024-02-17
18,First Love,Oscar Ortiz X Edgardo Nunez,11,11,3,2024-02-17
19,Tumblr Girls,G-Eazy Featuring Christoph Andersson,37,19,17,2024-02-17
20,Back It Up And Dump It (Dump Truck),"Kinfolk Thugs, GC Eternal & Tyme Bomb",NEW,20,1,2024-02-17
21,Money Counter,KARRAHBOOO,31,21,2,2024-02-17
22,Cleared - Remix,Lilithzplug,15,15,4,2024-02-17
23,La Suma,Javier Rosas y Su Artilleria Pesada & Lupe Borbon y Su Blindaje 7,NEW,23,1,2024-02-17
24,Cha Cha,Zeddy Will,16,11,8,2024-02-17
25,Act II: Date @ 8,4batz Featuring Drake,26,25,5,2024-02-17
26,Merrily We Fall (Jersey Remix),RaeSam,NEW,26,1,2024-02-17
27,Ain't Gonna Answer,NLE Choppa Featuring Lil Wayne,29,22,9,2024-02-17
28,Never Be Like You,Flume Featuring Kai,RE-ENTRY,28,4,2024-02-17
29,Finesse,BossMan Dlow & GloRilla,NEW,29,1,2024-02-17
30,Yeah!,Usher Featuring Lil Jon & Ludacris,NEW,30,1,2024-02-17
31,You Don't Own Me,Grace Featuring G-Eazy,NEW,31,1,2024-02-17
32,QKThr,Aphex Twin,13,13,2,2024-02-17
33,Nothing's New,Rio Romeo,17,17,11,2024-02-17
34,Haunted,Beyonce,NEW,34,1,2024-02-17
35,El Mejor,Chayin Rubio,48,35,2,2024-02-17
36,Little Things,Adrian Berenguer,27,27,2,2024-02-17
37,Good Googly Moogly,Project Pat Featuring D.J. Paul & Juicy J. Of Three 6 Mafia,19,7,5,2024-02-17
38,Redrum,21 Savage,39,38,2,2024-02-17
39,Point In My Life,Gucci Mane,7,7,4,2024-02-17
40,Barbiez,Fuerza Regida,24,24,4,2024-02-17
41,Hoist the Colours (Bass Singers Version),Bobby Bass,32,15,8,2024-02-17
42,Trendsetter,Connor Price & Haviah Mighty,14,14,3,2024-02-17
43,Oblivion,Grimes,NEW,43,1,2024-02-17
44,Oi (Beat Da Koto Nai),Certified Trapper,34,34,2,2024-02-17
45,Need 2,Pinegrove,RE-ENTRY,33,6,2024-02-17
46,Cotton Eye Joe,Rednex,NEW,46,1,2024-02-17
47,Real Love Baby,Father John Misty,RE-ENTRY,33,3,2024-02-17
48,Soak City,310babii,RE-ENTRY,17,10,2024-02-17
49,Faculty Of Law,Grebz,NEW,49,1,2024-02-17
50,Broken Clocks,SZA,NEW,50,1,2024-02-17
1,What You Won't Do For Love,Bobby Caldwell,NEW,1,1,2024-02-24
2,Dance You Outta My Head,Cat Janice,1,1,3,2024-02-24
3,Yeah!,Usher Featuring Lil Jon & Ludacris,30,3,2,2024-02-24
4,One Call,Rich Amiri,3,2,4,2024-02-24
5,I Wouldn't Mind,He Is We,7,2,6,2024-02-24
6,Get In With Me,BossMan Dlow,6,6,3,2024-02-24
7,Never Lose Me,Flo Milli,4,1,11,2024-02-24
8,Little Life,Cordelia,2,2,9,2024-02-24
9,Oblivion,Grimes,43,9,2,2024-02-24
10,My Love Mine All Mine,Mitski,10,1,22,2024-02-24
11,End Of Beginning,Djo,NEW,11,1,2024-02-24
12,Praise Jah In The Moonlight,YG Marley,9,9,3,2024-02-24
13,Texas Hold 'Em,Beyonce,NEW,13,1,2024-02-24
14,Back It Up And Dump It (Dump Truck),"Kinfolk Thugs, GC Eternal & Tyme Bomb",20,14,2,2024-02-24
15,Yellow,Coldplay,5,5,2,2024-02-24
16,Beautiful Things,Benson Boone,8,6,3,2024-02-24
17,Lovin On Me,Jack Harlow,12,4,15,2024-02-24
18,Good Looking,Suki Waterhouse,11,11,3,2024-02-24
19,I Don't Wanna Be Saved,Sexyy Red & Tay Keith,14,14,2,2024-02-24
20,New Flame,Chris Brown Featuring Usher & Rick Ross,NEW,20,1,2024-02-24
21,Unwritten,Natasha Bedingfield,16,16,3,2024-02-24
22,Tumblr Girls,G-Eazy Featuring Christoph Andersson,19,19,18,2024-02-24
23,Soaked,Shy Smith,NEW,23,1,2024-02-24
24,La Suma,Javier Rosas y Su Artilleria Pesada & Lupe Borbon y Su Blindaje 7,23,23,2,2024-02-24
25,Back In Black,AC/DC,NEW,25,1,2024-02-24
26,Nothing's New,Rio Romeo,33,17,12,2024-02-24
27,Amor de Febrero,Jay Wheeler,NEW,27,1,2024-02-24
28,Cry,Cigarettes After Sex,NEW,28,1,2024-02-24
29,Come Check This (Quickie Edit),FETISH,NEW,29,1,2024-02-24
30,Ain't Gonna Answer,NLE Choppa Featuring Lil Wayne,27,22,10,2024-02-24
31,2 Days Into College,Aimee Carty,13,13,3,2024-02-24
32,Little Things,Adrian Berenguer,36,27,3,2024-02-24
33,You Don't Own Me,Grace Featuring G-Eazy,31,31,2,2024-02-24
34,Merrily We Fall (Jersey Remix),RaeSam,26,26,2,2024-02-24
35,Sure Thing,Miguel,NEW,35,1,2024-02-24
36,First Love,Oscar Ortiz X Edgardo Nunez,18,11,4,2024-02-24
37,Nightcrawler,Travi$ Scott Featuring Swae Lee & Chief Keef,NEW,37,1,2024-02-24
38,Oi (Beat Da Koto Nai),Certified Trapper,44,34,3,2024-02-24
39,Work Song (Other Voices Series 19),Hozier,17,17,2,2024-02-24
40,Haunted,Beyonce,34,34,2,2024-02-24
41,QKThr,Aphex Twin,32,13,3,2024-02-24
42,Another Love,Tom Odell,NEW,42,1,2024-02-24
43,Cha Cha,Zeddy Will,24,11,9,2024-02-24
44,Careless Whisper,Wham! Featuring George Michael,NEW,44,1,2024-02-24
45,Broken Clocks,SZA,50,45,2,2024-02-24
46,Finesse,BossMan Dlow & GloRilla,29,29,2,2024-02-24
47,Hey Daddy (Daddy's Home),Usher Featuring Plies,RE-ENTRY,10,6,2024-02-24
48,Barbiez,Fuerza Regida,40,24,5,2024-02-24
49,Cleared - Remix,Lilithzplug,22,15,5,2024-02-24
50,Cupid's Chokehold/Breakfast In America,Gym Class Heroes Featuring Patrick Stump,NEW,50,1,2024-02-24
1,End Of Beginning,Djo,11,1,2,2024-03-02
2,What You Won't Do For Love,Bobby Caldwell,1,1,2,2024-03-02
3,Rose's Turn,Glee Cast,NEW,3,1,2024-03-02
4,Texas Hold 'Em,Beyonce,13,4,2,2024-03-02
5,Carnival,¥$: Ye & Ty Dolla $ign Featuring Rich The Kid & Playboi Carti,NEW,5,1,2024-03-02
6,Dance You Outta My Head,Cat Janice,2,1,4,2024-03-02
7,Back It Up And Dump It (Dump Truck),"Kinfolk Thugs, GC Eternal & Tyme Bomb",14,7,3,2024-03-02
8,L'amore Dice Ciao (Slow Take) (Remastered),Armando Trovajoli,NEW,8,1,2024-03-02
9,Praise Jah In The Moonlight,YG Marley,12,9,4,2024-03-02
10,One Call,Rich Amiri,4,2,5,2024-03-02
11,Get In With Me,BossMan Dlow,6,6,4,2024-03-02
12,I Wouldn't Mind,He Is We,5,2,7,2024-03-02
13,Yeah!,Usher Featuring Lil Jon & Ludacris,3,3,3,2024-03-02
14,Never Lose Me,Flo Milli,7,1,12,2024-03-02
15,Little Life,Cordelia,8,2,10,2024-03-02
16,My Love Mine All Mine,Mitski,10,1,23,2024-03-02
17,Soaked,Shy Smith,23,17,2,2024-03-02
18,Beautiful Things,Benson Boone,16,6,4,2024-03-02
19,Redrum,21 Savage,RE-ENTRY,19,3,2024-03-02
20,Cleared - Remix,Lilithzplug,49,15,6,2024-03-02
21,The Beginning,Flawed Mangoes,NEW,21,1,2024-03-02
22,Unwritten,Natasha Bedingfield,21,16,4,2024-03-02
23,Lovin On Me,Jack Harlow,17,4,16,2024-03-02
24,Tumblr Girls,G-Eazy Featuring Christoph Andersson,22,19,19,2024-03-02
25,Training Season,Dua Lipa,NEW,25,1,2024-03-02
26,I Don't Wanna Be Saved,Sexyy Red & Tay Keith,19,14,3,2024-03-02
27,Oi (Beat Da Koto Nai),Certified Trapper,38,27,4,2024-03-02
28,Act II: Date @ 8,4batz Featuring Drake,RE-ENTRY,25,6,2024-03-02
29,Never Be Like You,Flume Featuring Kai,RE-ENTRY,28,5,2024-03-02
30,Merrily We Fall (Jersey Remix),RaeSam,34,26,3,2024-03-02
31,Nothing's New,Rio Romeo,26,17,13,2024-03-02
32,Scared To Start,Michael Marcagi,NEW,32,1,2024-03-02
33,Come Check This (Quickie Edit),FETISH,29,29,2,2024-03-02
34,Psycho,Jack Kittel,NEW,34,1,2024-03-02
35,Good Looking,Suki Waterhouse,18,11,4,2024-03-02
36,Riff 2,Flawed Mangoes,NEW,36,1,2024-03-02
37,QKThr,Aphex Twin,41,13,4,2024-03-02
38,La Suma,Javier Rosas y Su Artilleria Pesada & Lupe Borbon y Su Blindaje 7,24,23,3,2024-03-02
39,Move Yo Body (Sped Up),Bryansanon,NEW,39,1,2024-03-02
40,Secrets,YTB Fatt,NEW,40,1,2024-03-02
41,Cupid's Chokehold/Breakfast In America,Gym Class Heroes Featuring Patrick Stump,50,41,2,2024-03-02
42,Broken Clocks,SZA,45,42,3,2024-03-02
43,Back In Black,AC/DC,25,25,2,2024-03-02
44,Yellow,Coldplay,15,5,3,2024-03-02
45,All In My Head (Flex),Fifth Harmony Featuring Fetty Wap,NEW,45,1,2024-03-02
46,Little Things,Adrian Berenguer,32,27,4,2024-03-02
47,Haunted,Beyonce,40,34,3,2024-03-02
48,Ain't Gonna Answer,NLE Choppa Featuring Lil Wayne,30,22,11,2024-03-02
49,Relaxed,MC Mablo Dos Paredoes,RE-ENTRY,44,2,2024-03-02
50,You Don't Own Me,Grace Featuring G-Eazy,33,31,3,2024-03-02
1,Carnival,¥$: Ye & Ty Dolla $ign Featuring Rich The Kid & Playboi Carti,5,1,2,2024-03-09
2,What You Won't Do For Love,Bobby Caldwell,2,1,3,2024-03-09
3,End Of Beginning,Djo,1,1,3,2024-03-09
4,Back It Up And Dump It (Dump Truck),"Kinfolk Thugs, GC Eternal & Tyme Bomb",7,4,4,2024-03-09
5,Dance You Outta My Head,Cat Janice,6,1,5,2024-03-09
6,Rose's Turn,Glee Cast,3,3,2,2024-03-09
7,Beautiful Things,Benson Boone,18,6,5,2024-03-09
8,Redrum,21 Savage,19,8,4,2024-03-09
9,Praise Jah In The Moonlight,YG Marley,9,9,5,2024-03-09
10,Get In With Me,BossMan Dlow,11,6,5,2024-03-09
11,One Call,Rich Amiri,10,2,6,2024-03-09
12,Never Lose Me,Flo Milli,14,1,13,2024-03-09
13,Merry Go Round of Life (Old Piano),Xakei,NEW,13,1,2024-03-09
14,My Love Mine All Mine,Mitski,16,1,24,2024-03-09
15,I Wouldn't Mind,He Is We,12,2,8,2024-03-09
16,No Fear,DeJ Loaf,NEW,16,1,2024-03-09
17,Soaked,Shy Smith,17,17,3,2024-03-09
18,Little Life,Cordelia,15,2,11,2024-03-09
19,Cleared - Remix,Lilithzplug,20,15,7,2024-03-09
20,Yeah!,Usher Featuring Lil Jon & Ludacris,13,3,4,2024-03-09
21,Oi (Beat Da Koto Nai),Certified Trapper,27,21,5,2024-03-09
22,L'amore Dice Ciao (Slow Take) (Remastered),Armando Trovajoli,8,8,2,2024-03-09
23,Tumblr Girls,G-Eazy Featuring Christoph Andersson,24,19,20,2024-03-09
24,Lovin On Me,Jack Harlow,23,4,17,2024-03-09
25,Act II: Date @ 8,4batz Featuring Drake,28,25,7,2024-03-09
26,Unwritten,Natasha Bedingfield,22,16,5,2024-03-09
27,Stupid In Love,MAX Featuring HUH YUNJIN,NEW,27,1,2024-03-09
28,I Don't Wanna Be Saved,Sexyy Red & Tay Keith,26,14,4,2024-03-09
29,Move Yo Body (Sped Up),Bryansanon,39,29,2,2024-03-09
30,Out Of My League,Fitz And The Tantrums,NEW,30,1,2024-03-09
31,Get Ready (Steve Aoki Vocal Radio Edit),2 Unlimited,NEW,31,1,2024-03-09
32,Little Things,Adrian Berenguer,46,27,5,2024-03-09
33,Yasashi,CXSPER,NEW,33,1,2024-03-09
34,All That Glitters,King Lowe,NEW,34,1,2024-03-09
35,You Don't Own Me,Grace Featuring G-Eazy,50,31,4,2024-03-09
36,Come Check This (Quickie Edit),FETISH,33,29,3,2024-03-09
37,Merrily We Fall (Jersey Remix),RaeSam,30,26,4,2024-03-09
38,Jealous,Eyedress,NEW,38,1,2024-03-09
39,QKThr,Aphex Twin,37,13,5,2024-03-09
40,Nothing's New,Rio Romeo,31,17,14,2024-03-09
41,Evergreen,Richy Mitch And The Coal Miners,NEW,41,1,2024-03-09
42,Never Be Like You,Flume Featuring Kai,29,28,6,2024-03-09
43,Bad Bitty,Jody P,NEW,43,1,2024-03-09
44,Stargazing (Slowed + Reverb),Marcelo De Carvalho,RE-ENTRY,21,4,2024-03-09
45,Balada Boa X Pika2 Kawenimeri,DJ USUP,NEW,45,1,2024-03-09
46,Confidence (Sped Up),Ocean Alley,RE-ENTRY,21,7,2024-03-09
47,La Suma,Javier Rosas y Su Artilleria Pesada & Lupe Borbon y Su Blindaje 7,38,23,4,2024-03-09
48,Another Love,Tom Odell,RE-ENTRY,42,2,2024-03-09
49,Psycho,Jack Kittel,34,34,2,2024-03-09
50,Where The Wild Things Are,Luke Combs,NEW,50,1,2024-03-09
1,Carnival,¥$: Ye & Ty Dolla $ign Featuring Rich The Kid & Playboi Carti,1,1,3,2024-03-16
2,What You Won't Do For Love,Bobby Caldwell,2,1,4,2024-03-16
3,End Of Beginning,Djo,3,1,4,2024-03-16
4,Back It Up And Dump It (Dump Truck),"Kinfolk Thugs, GC Eternal & Tyme Bomb",4,4,5,2024-03-16
5,Dance You Outta My Head,Cat Janice,5,1,6,2024-03-16
6,"Money! (Money Money, Green Green)",Kaytoven,NEW,6,1,2024-03-16
7,Can I Come With You,AP$ENT,NEW,7,1,2024-03-16
8,Whatever She Wants,Bryson Tiller,NEW,8,1,2024-03-16
9,No Fear,DeJ Loaf,16,9,2,2024-03-16
10,Like What (Freestyle),Cardi B,NEW,10,1,2024-03-16
11,Beautiful Things,Benson Boone,7,6,6,2024-03-16
12,She Know What She Wanted (Jersey Club Remix Slowed),Godard Featuring Ziahfyah,NEW,12,1,2024-03-16
13,Praise Jah In The Moonlight,YG Marley,9,9,6,2024-03-16
14,Tumblr Girls,G-Eazy Featuring Christoph Andersson,23,14,21,2024-03-16
15,Austin,Dasha,NEW,15,1,2024-03-16
16,Rose's Turn,Glee Cast,6,3,3,2024-03-16
17,Never Lose Me,Flo Milli,12,1,14,2024-03-16
18,Get In With Me,BossMan Dlow,10,6,6,2024-03-16
19,Redrum,21 Savage,8,8,5,2024-03-16
20,My Love Mine All Mine,Mitski,14,1,25,2024-03-16
21,Oi (Beat Da Koto Nai),Certified Trapper,21,21,6,2024-03-16
22,Merry Go Round of Life (Old Piano),Xakei,13,13,2,2024-03-16
23,I Wouldn't Mind,He Is We,15,2,9,2024-03-16
24,Little Life,Cordelia,18,2,12,2024-03-16
25,Soaked,Shy Smith,17,17,4,2024-03-16
26,Cleared - Remix,Lilithzplug,19,15,8,2024-03-16
27,Seppuku,Rob Apollo Featuring Baldie Balboa,NEW,27,1,2024-03-16
28,One Call,Rich Amiri,11,2,7,2024-03-16
29,Act II: Date @ 8,4batz Featuring Drake,25,25,8,2024-03-16
30,Yeah!,Usher Featuring Lil Jon & Ludacris,20,3,5,2024-03-16
31,Bad Bitty,Jody P,43,31,2,2024-03-16
32,Evergreen,Richy Mitch And The Coal Miners,41,32,2,2024-03-16
33,Yasashi,CXSPER,33,33,2,2024-03-16
34,Move Yo Body (Sped Up),Bryansanon,29,29,3,2024-03-16
35,Lovin On Me,Jack Harlow,24,4,18,2024-03-16
36,Intergalactic Janet,Ley Soul,NEW,36,1,2024-03-16
37,Come Check This (Quickie Edit),FETISH,36,29,4,2024-03-16
38,L'amore Dice Ciao (Slow Take) (Remastered),Armando Trovajoli,22,8,3,2024-03-16
39,Texas Hold 'Em,Beyonce,RE-ENTRY,4,3,2024-03-16
40,Scared To Start,Michael Marcagi,RE-ENTRY,32,2,2024-03-16
41,Piss Me Off,BossMan Dlow,NEW,41,1,2024-03-16
42,Show Me How,Men I Trust,NEW,42,1,2024-03-16
43,Gata Only,FloyyMenor X Cris Mj,NEW,43,1,2024-03-16
44,Relaxed,MC Mablo Dos Paredoes,RE-ENTRY,44,3,2024-03-16
45,Glimpse of Your Reflection,Nadya,NEW,45,1,2024-03-16
46,Where The Wild Things Are,Luke Combs,50,46,2,2024-03-16
47,Unwritten,Natasha Bedingfield,26,16,6,2024-03-16
48,Little Things,Adrian Berenguer,32,27,6,2024-03-16
49,Another Love,Tom Odell,48,42,3,2024-03-16
50,Eat Her Up,414bigfrank,NEW,50,1,2024-03-16
1,End Of Beginning,Djo,3,1,5,2024-03-23
2,Beautiful Things,Benson Boone,11,2,7,2024-03-23
3,Carnival,¥$: Ye & Ty Dolla $ign Featuring Rich The Kid & Playboi Carti,1,1,4,2024-03-23
4,Texas Hold 'Em,Beyonce,39,4,4,2024-03-23
5,What You Won't Do For Love,Bobby Caldwell,2,1,5,2024-03-23
6,Austin,Dasha,15,6,2,2024-03-23
7,"Money! (Money Money, Green Green)",Kaytoven,6,6,2,2024-03-23
8,Lovin On Me,Jack Harlow,35,4,19,2024-03-23
9,Back It Up And Dump It (Dump Truck),"Kinfolk Thugs, GC Eternal & Tyme Bomb",4,4,6,2024-03-23
10,Dance You Outta My Head,Cat Janice,5,1,7,2024-03-23
11,She Know What She Wanted (Jersey Club Remix Slowed),Godard Featuring Ziahfyah,12,11,2,2024-03-23
12,Scared To Start,Michael Marcagi,40,12,3,2024-03-23
13,Like What (Freestyle),Cardi B,10,10,2,2024-03-23
14,Bandit,Don Toliver,NEW,14,1,2024-03-23
15,Tumblr Girls,G-Eazy Featuring Christoph Andersson,14,14,22,2024-03-23
16,Baddie Friend (Two Bad Bitches),Kevo Jefe Featuring House Of Evo,NEW,16,1,2024-03-23
17,Whatever She Wants,Bryson Tiller,8,8,2,2024-03-23
18,Make You Mine,Madison Beer,NEW,18,1,2024-03-23
19,Someday I'll Get It,Alek Olsen,NEW,19,1,2024-03-23
20,Get In With Me,BossMan Dlow,18,6,7,2024-03-23
21,Never Lose Me,Flo Milli,17,1,15,2024-03-23
22,Praise Jah In The Moonlight,YG Marley,13,9,7,2024-03-23
23,My Love Mine All Mine,Mitski,20,1,26,2024-03-23
24,No Fear,DeJ Loaf,9,9,3,2024-03-23
25,Sad Hamster Violin Meme,Silly Puszek,NEW,25,1,2024-03-23
26,Can I Come With You,AP$ENT,7,7,2,2024-03-23
27,Bad Bitty,Jody P,31,27,3,2024-03-23
28,Irish Jig,Irish Pub Society,NEW,28,1,2024-03-23
29,Redrum,21 Savage,19,8,6,2024-03-23
30,Back On 74,Jungle,NEW,30,1,2024-03-23
31,Seppuku,Rob Apollo Featuring Baldie Balboa,27,27,2,2024-03-23
32,Oi (Beat Da Koto Nai),Certified Trapper,21,21,7,2024-03-23
33,Show Me How,Men I Trust,42,33,2,2024-03-23
34,Little Life,Cordelia,24,2,13,2024-03-23
35,Act II: Date @ 8,4batz Featuring Drake,29,25,9,2024-03-23
36,I Wouldn't Mind,He Is We,23,2,10,2024-03-23
37,Yasashi,CXSPER,33,33,3,2024-03-23
38,Soaked,Shy Smith,25,17,5,2024-03-23
39,Move Yo Body (Sped Up),Bryansanon,34,29,4,2024-03-23
40,Cleared - Remix,Lilithzplug,26,15,9,2024-03-23
41,Jealous,Eyedress,RE-ENTRY,38,2,2024-03-23
42,Rose's Turn,Glee Cast,16,3,4,2024-03-23
43,Gata Only,FloyyMenor X Cris Mj,43,43,2,2024-03-23
44,Get It Sexyy,Sexyy Red,NEW,44,1,2024-03-23
45,Enough (Miami),Cardi B,NEW,45,1,2024-03-23
46,One Call,Rich Amiri,28,2,8,2024-03-23
47,I Wanna Be Yours,Arctic Monkeys,NEW,47,1,2024-03-23
48,EDGE,REZZ,NEW,48,1,2024-03-23
49,Mr. Weatherall,Young Hub City Featuring Big Zoe,NEW,49,1,2024-03-23
50,Another Love,Tom Odell,49,42,4,2024-03-23
1,Someday I'll Get It,Alek Olsen,19,1,2,2024-03-30
2,End Of Beginning,Djo,1,1,6,2024-03-30
3,Texas Hold 'Em,Beyonce,4,3,5,2024-03-30
4,Austin,Dasha,6,4,3,2024-03-30
5,Beautiful Things,Benson Boone,2,2,8,2024-03-30
6,Lovin On Me,Jack Harlow,8,4,20,2024-03-30
7,Carnival,¥$: Ye & Ty Dolla $ign Featuring Rich The Kid & Playboi Carti,3,1,5,2024-03-30
8,Lady Killers II (Christoph Andersson Remix),G-Eazy,NEW,8,1,2024-03-30
9,Praise Jah In The Moonlight,YG Marley,22,9,8,2024-03-30
10,Make You Mine,Madison Beer,18,10,2,2024-03-30
11,What You Won't Do For Love,Bobby Caldwell,5,1,6,2024-03-30
12,Get It Sexyy,Sexyy Red,44,12,2,2024-03-30
13,Dance You Outta My Head,Cat Janice,10,1,8,2024-03-30
14,Back It Up And Dump It (Dump Truck),"Kinfolk Thugs, GC Eternal & Tyme Bomb",9,4,7,2024-03-30
15,Enough (Miami),Cardi B,45,15,2,2024-03-30
16,Gata Only,FloyyMenor X Cris Mj,43,16,3,2024-03-30
17,Tshwala Bam,TitoM & Yuppe Featuring S.N.E & EeQue,NEW,17,1,2024-03-30
18,"Money! (Money Money, Green Green)",Kaytoven,7,6,3,2024-03-30
19,Anything,Adrianne Lenker,RE-ENTRY,19,2,2024-03-30
20,Baddie Friend (Two Bad Bitches),Kevo Jefe Featuring House Of Evo,16,16,2,2024-03-30
21,She Know What She Wanted (Jersey Club Remix Slowed),Godard Featuring Ziahfyah,11,11,3,2024-03-30
22,Tumblr Girls,G-Eazy Featuring Christoph Andersson,15,14,23,2024-03-30
23,Whatever She Wants,Bryson Tiller,17,8,3,2024-03-30
24,Like What (Freestyle),Cardi B,13,10,3,2024-03-30
25,Never Lose Me,Flo Milli,21,1,16,2024-03-30
26,Bandit,Don Toliver,14,14,2,2024-03-30
27,Show Me How,Men I Trust,33,27,3,2024-03-30
28,Scared To Start,Michael Marcagi,12,12,4,2024-03-30
29,My Love Mine All Mine,Mitski,23,1,27,2024-03-30
30,You Are My Sunshine,Christina Perri,NEW,30,1,2024-03-30
31,SC-9,Yahir Saldivar,NEW,31,1,2024-03-30
32,Bad Bitty,Jody P,27,27,4,2024-03-30
33,Too Sweet,Hozier,NEW,33,1,2024-03-30
34,Back On 74,Jungle,30,30,2,2024-03-30
35,Get In With Me,BossMan Dlow,20,6,8,2024-03-30
36,Oi (Beat Da Koto Nai),Certified Trapper,32,21,8,2024-03-30
37,Karma,JoJo Siwa,NEW,37,1,2024-03-30
38,Little Life,Cordelia,34,2,14,2024-03-30
39,Flores Amarillas,Floricienta,NEW,39,1,2024-03-30
40,The West Side Freestyle,DJ Max Star,NEW,40,1,2024-03-30
41,Mr. Weatherall,Young Hub City Featuring Big Zoe,49,41,2,2024-03-30
42,Yasashi,CXSPER,37,33,4,2024-03-30
43,No Fear,DeJ Loaf,24,9,4,2024-03-30
44,Act II: Date @ 8,4batz Featuring Drake,35,25,10,2024-03-30
45,Lullaby for Erik,Evgeny Grinko,NEW,45,1,2024-03-30
46,Go To Work,Chris Mula,NEW,46,1,2024-03-30
47,Mrs Magic,Strawberry Guy,NEW,47,1,2024-03-30
48,Move Yo Body (Sped Up),Bryansanon,39,29,5,2024-03-30
49,Relaxed,MC Mablo Dos Paredoes,RE-ENTRY,44,4,2024-03-30
50,Soaked,Shy Smith,38,17,6,2024-03-30
1,Someday I'll Get It,Alek Olsen,1,1,3,2024-04-06
2,Carnival,¥$: Ye & Ty Dolla $ign Featuring Rich The Kid & Playboi Carti,7,1,6,2024-04-06
3,Lady Killers II (Christoph Andersson Remix),G-Eazy,8,3,2,2024-04-06
4,End Of Beginning,Djo,2,1,7,2024-04-06
5,Get It Sexyy,Sexyy Red,12,5,3,2024-04-06
6,Austin,Dasha,4,4,4,2024-04-06
7,Praise Jah In The Moonlight,YG Marley,9,7,9,2024-04-06
8,Anything,Adrianne Lenker,19,8,3,2024-04-06
9,Gata Only,FloyyMenor X Cris Mj,16,9,4,2024-04-06
10,Beautiful Things,Benson Boone,5,2,9,2024-04-06
11,Texas Hold 'Em,Beyonce,3,3,6,2024-04-06
12,What You Won't Do For Love,Bobby Caldwell,11,1,7,2024-04-06
13,Dance You Outta My Head,Cat Janice,13,1,9,2024-04-06
14,Blue Monday ( Extended Mix),Above & Beyond,NEW,14,1,2024-04-06
15,Back On 74,Jungle,34,15,3,2024-04-06
16,Enough (Miami),Cardi B,15,15,3,2024-04-06
17,You Are My Sunshine,Christina Perri,30,17,2,2024-04-06
18,Back It Up And Dump It (Dump Truck),"Kinfolk Thugs, GC Eternal & Tyme Bomb",14,4,8,2024-04-06
19,I Like The Way You Kiss Me,Artemas,NEW,19,1,2024-04-06
20,Harness Your Hopes (B-Side),Pavement,NEW,20,1,2024-04-06
21,Secrets,YTB Fatt,RE-ENTRY,21,2,2024-04-06
22,Never Lose Me,Flo Milli,25,1,17,2024-04-06
23,Tshwala Bam,TitoM & Yuppe Featuring S.N.E & EeQue,17,17,2,2024-04-06
24,Baddie Friend (Two Bad Bitches),Kevo Jefe Featuring House Of Evo,20,16,3,2024-04-06
25,Bop Anthem (Jersey Club),ProdByOsakaa,NEW,25,1,2024-04-06
26,Mrs Magic,Strawberry Guy,47,26,2,2024-04-06
27,Stick Em 2k20,RoddOnnaBeat,NEW,27,1,2024-04-06
28,See You Again,"Tyler, The Creator Featuring Kali Uchis",NEW,28,1,2024-04-06
29,Make You Mine,Madison Beer,10,10,3,2024-04-06
30,Come Through,Rui & Voluptuous,NEW,30,1,2024-04-06
31,Too Sweet,Hozier,33,31,2,2024-04-06
32,My Love Mine All Mine,Mitski,29,1,28,2024-04-06
33,She Know What She Wanted (Jersey Club Remix Slowed),Godard Featuring Ziahfyah,21,11,4,2024-04-06
34,Tumblr Girls,G-Eazy Featuring Christoph Andersson,22,14,24,2024-04-06
35,Oi (Beat Da Koto Nai),Certified Trapper,36,21,9,2024-04-06
36,Bad Bitty,Jody P,32,27,5,2024-04-06
37,Nothin' To It,On The Hunt & Chandler,NEW,37,1,2024-04-06
38,"Tchaikovsky: Suite From ""The Nutcracker"" Ballet Op. 71a...",Orchestra Of Classical Music,NEW,38,1,2024-04-06
39,Von Dutch (Remix),Charli XCX With Addison Rae & A.G. Cook,NEW,39,1,2024-04-06
40,Karma,JoJo Siwa,37,37,2,2024-04-06
41,Mr. Weatherall,Young Hub City Featuring Big Zoe,41,41,3,2024-04-06
42,SC-9,Yahir Saldivar,31,31,2,2024-04-06
43,Hey Daddy (Daddy's Home),Usher Featuring Plies,RE-ENTRY,10,7,2024-04-06
44,Lullaby for Erik,Evgeny Grinko,45,44,2,2024-04-06
45,Act II: Date @ 8,4batz Featuring Drake,44,25,11,2024-04-06
46,Like What (Freestyle),Cardi B,24,10,4,2024-04-06
47,"Money! (Money Money, Green Green)",Kaytoven,18,6,4,2024-04-06
48,Tek It,Cafune,NEW,48,1,2024-04-06
49,Leaving The Lot,King Hendrick$,NEW,49,1,2024-04-06
50,Get In With Me,BossMan Dlow,35,6,9,2024-04-06
1,Someday I'll Get It,Alek Olsen,1,1,4,2024-04-13
2,Lady Killers II (Christoph Andersson Remix),G-Eazy,3,2,3,2024-04-13
3,Too Sweet,Hozier,31,3,3,2024-04-13
4,Carnival,¥$: Ye & Ty Dolla $ign Featuring Rich The Kid & Playboi Carti,2,1,7,2024-04-13
5,Get It Sexyy,Sexyy Red,5,5,4,2024-04-13
6,Hell N Back,Bakar Featuring Summer Walker,RE-ENTRY,6,3,2024-04-13
7,I Like The Way You Kiss Me,Artemas,19,7,2,2024-04-13
8,End Of Beginning,Djo,4,1,8,2024-04-13
9,Talk My Shit,BossMan Dlow,NEW,9,1,2024-04-13
10,Gata Only,FloyyMenor X Cris Mj,9,9,5,2024-04-13
11,Karma,JoJo Siwa,40,11,3,2024-04-13
12,Blue Monday ( Extended Mix),Above & Beyond,14,12,2,2024-04-13
13,Harness Your Hopes (B-Side),Pavement,20,13,2,2024-04-13
14,Praise Jah In The Moonlight,YG Marley,7,7,10,2024-04-13
15,Austin,Dasha,6,4,5,2024-04-13
16,Beautiful Things,Benson Boone,10,2,10,2024-04-13
17,What You Won't Do For Love,Bobby Caldwell,12,1,8,2024-04-13
18,Back It Up And Dump It (Dump Truck),"Kinfolk Thugs, GC Eternal & Tyme Bomb",18,4,9,2024-04-13
19,Dance You Outta My Head,Cat Janice,13,1,10,2024-04-13
20,Make You Mine,Madison Beer,29,10,4,2024-04-13
21,Texas Hold 'Em,Beyonce,11,3,7,2024-04-13
22,Nothin' To It,On The Hunt & Chandler,37,22,2,2024-04-13
23,Back On 74,Jungle,15,15,4,2024-04-13
24,Tek It,Cafune,48,24,2,2024-04-13
25,Enough (Miami),Cardi B,16,15,4,2024-04-13
26,Baddie Friend (Two Bad Bitches),Kevo Jefe Featuring House Of Evo,24,16,4,2024-04-13
27,Mr. Weatherall,Young Hub City Featuring Big Zoe,41,27,4,2024-04-13
28,Never Lose Me,Flo Milli,22,1,18,2024-04-13
29,Phonk Brasileiro Fresco,DJ MOIGUS & DJ FKU,NEW,29,1,2024-04-13
30,Stick Em 2k20,RoddOnnaBeat,27,27,2,2024-04-13
31,Anything,Adrianne Lenker,8,8,4,2024-04-13
32,This Woman's Work (Remastered 2021),Maxwell,NEW,32,1,2024-04-13
33,Oi (Beat Da Koto Nai),Certified Trapper,35,21,10,2024-04-13
34,SC-9,Yahir Saldivar,42,31,3,2024-04-13
35,Bad Bitty,Jody P,36,27,6,2024-04-13
36,My Love Mine All Mine,Mitski,32,1,29,2024-04-13
37,Tumblr Girls,G-Eazy Featuring Christoph Andersson,34,14,25,2024-04-13
38,Gods creation,Daniel.mp3,RE-ENTRY,37,2,2024-04-13
39,Fantasmas,HUMBE,NEW,39,1,2024-04-13
40,See You Again,"Tyler, The Creator Featuring Kali Uchis",28,28,2,2024-04-13
41,MP3PSYCHOSIS,Jxxl3s Featuring taconiel,NEW,41,1,2024-04-13
42,Bop Anthem (Jersey Club),ProdByOsakaa,25,25,2,2024-04-13
43,Hide Away,Daya,NEW,43,1,2024-04-13
44,Tshwala Bam,TitoM & Yuppe Featuring S.N.E & EeQue,23,17,3,2024-04-13
45,Mrs Magic,Strawberry Guy,26,26,3,2024-04-13
46,Leaving The Lot,King Hendrick$,49,46,2,2024-04-13
47,Act II: Date @ 8,4batz Featuring Drake,45,25,12,2024-04-13
48,You Are My Sunshine,Christina Perri,17,17,3,2024-04-13
49,She Know What She Wanted (Jersey Club Remix Slowed),Godard Featuring Ziahfyah,33,11,5,2024-04-13
50,Like What (Freestyle),Cardi B,46,10,5,2024-04-13
1,Someday I'll Get It,Alek Olsen,1,1,5,2024-04-20
2,Praise Jah In The Moonlight,YG Marley,14,2,11,2024-04-20
3,Lady Killers II (Christoph Andersson Remix),G-Eazy,2,2,4,2024-04-20
4,I Like The Way You Kiss Me,Artemas,7,4,3,2024-04-20
5,Talk My Shit,BossMan Dlow,9,5,2,2024-04-20
6,Gata Only,FloyyMenor X Cris Mj,10,6,6,2024-04-20
7,Get It Sexyy,Sexyy Red,5,5,5,2024-04-20
8,Make You Mine,Madison Beer,20,8,5,2024-04-20
9,Hell N Back,Bakar Featuring Summer Walker,6,6,4,2024-04-20
10,Carnival,¥$: Ye & Ty Dolla $ign Featuring Rich The Kid & Playboi Carti,4,1,8,2024-04-20
11,Tell Ur Girlfriend,Lay Bankz,NEW,11,1,2024-04-20
12,Too Sweet,Hozier,3,3,4,2024-04-20
13,Total Eclipse Of The Heart,Bonnie Tyler,NEW,13,1,2024-04-20
14,Austin,Dasha,15,4,6,2024-04-20
15,Karma,JoJo Siwa,11,11,4,2024-04-20
16,End Of Beginning,Djo,8,1,9,2024-04-20
17,Texas Hold 'Em,Beyonce,21,3,8,2024-04-20
18,This Woman's Work (Remastered 2021),Maxwell,32,18,2,2024-04-20
19,Like That!,Laila!,NEW,19,1,2024-04-20
20,Dance You Outta My Head,Cat Janice,19,1,11,2024-04-20
21,Anything,Adrianne Lenker,31,8,5,2024-04-20
22,Obama Runtz,BossMan Dlow Featuring Wizz Havinn,NEW,22,1,2024-04-20
23,Hide Away,Daya,43,23,2,2024-04-20
24,Harness Your Hopes (B-Side),Pavement,13,13,3,2024-04-20
25,Back It Up And Dump It (Dump Truck),"Kinfolk Thugs, GC Eternal & Tyme Bomb",18,4,10,2024-04-20
26,What You Won't Do For Love,Bobby Caldwell,17,1,9,2024-04-20
27,Shoot It Out,Jdot Breezy,NEW,27,1,2024-04-20
28,Beautiful Things,Benson Boone,16,2,11,2024-04-20
29,Come And Get Your Love,Redbone,NEW,29,1,2024-04-20
30,A Quick One Before the Eternal Worm Devours Connecticut,Have A Nice Life,NEW,30,1,2024-04-20
31,Fantasmas,HUMBE,39,31,2,2024-04-20
32,Evil Empire,Lil Mabu & DD Osama,NEW,32,1,2024-04-20
33,Back On 74,Jungle,23,15,5,2024-04-20
34,Nothin' To It,On The Hunt & Chandler,22,22,3,2024-04-20
35,Never Lose Me,Flo Milli,28,1,19,2024-04-20
36,SC-9,Yahir Saldivar,34,31,4,2024-04-20
37,Mr. Weatherall,Young Hub City Featuring Big Zoe,27,27,5,2024-04-20
38,Beat It Up,Chef Boy,NEW,38,1,2024-04-20
39,Baddie Friend (Two Bad Bitches),Kevo Jefe Featuring House Of Evo,26,16,5,2024-04-20
40,My Love Mine All Mine,Mitski,36,1,30,2024-04-20
41,Enough (Miami),Cardi B,25,15,5,2024-04-20
42,Jump,Tyla x Gunna x Skillibeng,NEW,42,1,2024-04-20
43,Tumblr Girls,G-Eazy Featuring Christoph Andersson,37,14,26,2024-04-20
44,Mrs Magic,Strawberry Guy,45,26,4,2024-04-20
45,Si No Quieres No,Luis R Conriquez x Neton Vega,NEW,45,1,2024-04-20
46,Tshwala Bam,TitoM & Yuppe Featuring S.N.E & EeQue,44,17,4,2024-04-20
47,Took Her To The O,King Von,NEW,47,1,2024-04-20
48,Pretty (Sped Up),MEYY,NEW,48,1,2024-04-20
49,Act II: Date @ 8,4batz Featuring Drake,47,25,13,2024-04-20
50,Leaving The Lot,King Hendrick$,46,46,3,2024-04-20
1,Tell Ur Girlfriend,Lay Bankz,11,1,2,2024-04-27
2,I Like The Way You Kiss Me,Artemas,4,2,4,2024-04-27
3,Lady Killers II (Christoph Andersson Remix),G-Eazy,3,2,5,2024-04-27
4,Hell N Back,Bakar Featuring Summer Walker,9,4,5,2024-04-27
5,Gata Only,FloyyMenor X Cris Mj,6,5,7,2024-04-27
6,Get It Sexyy,Sexyy Red,7,5,6,2024-04-27
7,Praise Jah In The Moonlight,YG Marley,2,2,12,2024-04-27
8,Come And Get Your Love,Redbone,29,8,2,2024-04-27
9,Talk My Shit,BossMan Dlow,5,5,3,2024-04-27
10,Someday I'll Get It,Alek Olsen,1,1,6,2024-04-27
11,Jump,Tyla x Gunna x Skillibeng,42,11,2,2024-04-27
12,Carnival,¥$: Ye & Ty Dolla $ign Featuring Rich The Kid & Playboi Carti,10,1,9,2024-04-27
13,End Of Beginning,Djo,16,1,10,2024-04-27
14,Verdi: Messa da Requiem: II. Dies Irae,Daniel Barenboim & Chicago Symphony Orchestra,NEW,14,1,2024-04-27
15,Like That!,Laila!,19,15,2,2024-04-27
16,Wind Up Missin' You,Tucker Wetmore,NEW,16,1,2024-04-27
17,Kiss Of Life,Sade,NEW,17,1,2024-04-27
18,Dance You Outta My Head,Cat Janice,20,1,12,2024-04-27
19,Make You Mine,Madison Beer,8,8,6,2024-04-27
20,Karma,JoJo Siwa,15,11,5,2024-04-27
21,Hide Away,Daya,23,21,3,2024-04-27
22,Never Lose Me,Flo Milli,35,1,20,2024-04-27
23,Beautiful Things,Benson Boone,28,2,12,2024-04-27
24,Pedro,"Jaxomy, Agatino Romero & Raffaella Carra",NEW,24,1,2024-04-27
25,I Can Do It With A Broken Heart,Taylor Swift,NEW,25,1,2024-04-27
26,Evil Empire,Lil Mabu & DD Osama,32,26,2,2024-04-27
27,Harness Your Hopes (B-Side),Pavement,24,13,4,2024-04-27
28,Slay!,Eternxlkz,NEW,28,1,2024-04-27
29,Party Girl,StaySolidRocky,NEW,29,1,2024-04-27
30,Austin,Dasha,14,4,7,2024-04-27
31,Too Sweet,Hozier,12,3,5,2024-04-27
32,Tumblr Girls,G-Eazy Featuring Christoph Andersson,43,14,27,2024-04-27
33,Us Vs. Them,$uicideboy$,NEW,33,1,2024-04-27
34,Back It Up And Dump It (Dump Truck),"Kinfolk Thugs, GC Eternal & Tyme Bomb",25,4,11,2024-04-27
35,What You Won't Do For Love,Bobby Caldwell,26,1,10,2024-04-27
36,Mr. Weatherall,Young Hub City Featuring Big Zoe,37,27,6,2024-04-27
37,Shoot It Out,Jdot Breezy,27,27,2,2024-04-27
38,Anything,Adrianne Lenker,21,8,6,2024-04-27
39,Yasashi,CXSPER,RE-ENTRY,33,5,2024-04-27
40,This Woman's Work (Remastered 2021),Maxwell,18,18,3,2024-04-27
41,Texas Hold 'Em,Beyonce,17,3,9,2024-04-27
42,Fantasmas,HUMBE,31,31,3,2024-04-27
43,Glimpse Of Us,Joji,NEW,43,1,2024-04-27
44,Ooo La La La,Teena Marie,NEW,44,1,2024-04-27
45,Baddie Friend (Two Bad Bitches),Kevo Jefe Featuring House Of Evo,39,16,6,2024-04-27
46,Light Switch,Charlie Puth,NEW,46,1,2024-04-27
47,Cry,Cigarettes After Sex,RE-ENTRY,28,2,2024-04-27
48,Beat It Up,Chef Boy,38,38,2,2024-04-27
49,My Love Mine All Mine,Mitski,40,1,31,2024-04-27
50,Fortnight,Taylor Swift Featuring Post Malone,NEW,50,1,2024-04-27
1,Tell Ur Girlfriend,Lay Bankz,1,1,3,2024-05-04
2,Hell N Back,Bakar Featuring Summer Walker,4,2,6,2024-05-04
3,I Like The Way You Kiss Me,Artemas,2,2,5,2024-05-04
4,Who's Afraid Of Little Old Me?,Taylor Swift,NEW,4,1,2024-05-04
5,Gata Only,FloyyMenor X Cris Mj,5,5,8,2024-05-04
6,Scott Street,Phoebe Bridgers,NEW,6,1,2024-05-04
7,Get It Sexyy,Sexyy Red,6,5,7,2024-05-04
8,Lady Killers II (Christoph Andersson Remix),G-Eazy,3,2,6,2024-05-04
9,A Bar Song (Tipsy),Shaboozey,NEW,9,1,2024-05-04
10,Talk My Shit,BossMan Dlow,9,5,4,2024-05-04
11,Praise Jah In The Moonlight,YG Marley,7,2,13,2024-05-04
12,Come And Get Your Love,Redbone,8,8,3,2024-05-04
13,Pedro,"Jaxomy, Agatino Romero & Raffaella Carra",24,13,2,2024-05-04
14,I Can Do It With A Broken Heart,Taylor Swift,25,14,2,2024-05-04
15,Wind Up Missin' You,Tucker Wetmore,16,15,2,2024-05-04
16,Like That!,Laila!,15,15,3,2024-05-04
17,Hide Away,Daya,21,17,4,2024-05-04
18,Play That Funky Music,Wild Cherry,NEW,18,1,2024-05-04
19,Someday I'll Get It,Alek Olsen,10,1,7,2024-05-04
20,Zhurek,ADAM,NEW,20,1,2024-05-04
21,End Of Beginning,Djo,13,1,11,2024-05-04
22,Carnival,¥$: Ye & Ty Dolla $ign Featuring Rich The Kid & Playboi Carti,12,1,10,2024-05-04
23,Dance You Outta My Head,Cat Janice,18,1,13,2024-05-04
24,Verdi: Messa da Requiem: II. Dies Irae,Daniel Barenboim & Chicago Symphony Orchestra,14,14,2,2024-05-04
25,Beautiful Things,Benson Boone,23,2,13,2024-05-04
26,Back It Up And Dump It (Dump Truck),"Kinfolk Thugs, GC Eternal & Tyme Bomb",34,4,12,2024-05-04
27,Ooo La La La,Teena Marie,44,27,2,2024-05-04
28,My Shirt,38 Dezzie,NEW,28,1,2024-05-04
29,Slay!,Eternxlkz,28,28,2,2024-05-04
30,Anything,Adrianne Lenker,38,8,7,2024-05-04
31,Jump,Tyla x Gunna x Skillibeng,11,11,3,2024-05-04
32,Fortnight,Taylor Swift Featuring Post Malone,50,32,2,2024-05-04
33,So High School,Taylor Swift,NEW,33,1,2024-05-04
34,Tu Name,Fuerza Regida,NEW,34,1,2024-05-04
35,Tengo Un Plan,Key-Key & Ozuna,NEW,35,1,2024-05-04
36,Favorite,Isabel LaRosa,NEW,36,1,2024-05-04
37,Mr. Weatherall,Young Hub City Featuring Big Zoe,36,27,7,2024-05-04
38,Party Girl,StaySolidRocky,29,29,2,2024-05-04
39,Kiss Of Life,Sade,17,17,2,2024-05-04
40,Silver Soul,Beach House,RE-ENTRY,19,2,2024-05-04
41,What You Won't Do For Love,Bobby Caldwell,35,1,11,2024-05-04
42,But Daddy I Love Him,Taylor Swift,NEW,42,1,2024-05-04
43,These Words,Badger & Natasha Bedingfield,NEW,43,1,2024-05-04
44,Burning Love,Elvis Presley,NEW,44,1,2024-05-04
45,Good Habits (And Bad),Saba Lou,NEW,45,1,2024-05-04
46,Legends Are Made,Sam Tinnesz,NEW,46,1,2024-05-04
47,Karma,JoJo Siwa,20,11,6,2024-05-04
48,Killswitch Lullaby (Slowed + Reverb),The Lonely Tree,NEW,48,1,2024-05-04
49,I Bet On Losing Dogs,Mitski,NEW,49,1,2024-05-04
50,Si No Quieres No,Luis R Conriquez x Neton Vega,RE-ENTRY,45,2,2024-05-04
1,Tell Ur Girlfriend,Lay Bankz,1,1,4,2024-05-11
2,Million Dollar Baby,Tommy Richman,NEW,2,1,2024-05-11
3,A Bar Song (Tipsy),Shaboozey,9,3,2,2024-05-11
4,Like That!,Laila!,16,4,4,2024-05-11
5,Scott Street,Phoebe Bridgers,6,5,2,2024-05-11
6,The Chicken In Black,Johnny Cash,NEW,6,1,2024-05-11
7,Hell N Back,Bakar Featuring Summer Walker,2,2,7,2024-05-11
8,Pedro,"Jaxomy, Agatino Romero & Raffaella Carra",13,8,3,2024-05-11
9,I Like The Way You Kiss Me,Artemas,3,2,6,2024-05-11
10,Gata Only,FloyyMenor X Cris Mj,5,5,9,2024-05-11
11,Hide Away,Daya,17,11,5,2024-05-11
12,Who's Afraid Of Little Old Me?,Taylor Swift,4,4,2,2024-05-11
13,Get It Sexyy,Sexyy Red,7,5,8,2024-05-11
14,I Bet On Losing Dogs,Mitski,49,14,2,2024-05-11
15,Wind Up Missin' You,Tucker Wetmore,15,15,3,2024-05-11
16,Lady Killers II (Christoph Andersson Remix),G-Eazy,8,2,7,2024-05-11
17,Talk My Shit,BossMan Dlow,10,5,5,2024-05-11
18,Tengo Un Plan,Key-Key & Ozuna,35,18,2,2024-05-11
19,Come And Get Your Love,Redbone,12,8,4,2024-05-11
20,High Infidelity,Taylor Swift,NEW,20,1,2024-05-11
21,End Of Beginning,Djo,21,1,12,2024-05-11
22,Carnival,¥$: Ye & Ty Dolla $ign Featuring Rich The Kid & Playboi Carti,22,1,11,2024-05-11
23,Anything,Adrianne Lenker,30,8,8,2024-05-11
24,Beautiful Things,Benson Boone,25,2,14,2024-05-11
25,Scars,Novulent,NEW,25,1,2024-05-11
26,Someday I'll Get It,Alek Olsen,19,1,8,2024-05-11
27,Bow Bow Bow (F My Baby Dad),Sexyy Red,RE-ENTRY,27,3,2024-05-11
28,So High School,Taylor Swift,33,28,2,2024-05-11
29,Devil Doesn't Bargain,Alec Benjamin,NEW,29,1,2024-05-11
30,Si No Quieres No,Luis R Conriquez x Neton Vega,50,30,3,2024-05-11
31,Jump,Tyla x Gunna x Skillibeng,31,11,4,2024-05-11
32,Tu Name,Fuerza Regida,34,32,2,2024-05-11
33,Dance You Outta My Head,Cat Janice,23,1,14,2024-05-11
34,Favorite,Isabel LaRosa,36,34,2,2024-05-11
35,Unwritten,Natasha Bedingfield,RE-ENTRY,16,7,2024-05-11
36,Zhurek,ADAM,20,20,2,2024-05-11
37,Back It Up And Dump It (Dump Truck),"Kinfolk Thugs, GC Eternal & Tyme Bomb",26,4,13,2024-05-11
38,Dolce Nonna,Wayne Jones & Amy Hayashi-Jones,NEW,38,1,2024-05-11
39,II Hands II Heaven,Beyonce,NEW,39,1,2024-05-11
40,Ooo La La La,Teena Marie,27,27,3,2024-05-11
41,Play That Funky Music,Wild Cherry,18,18,2,2024-05-11
42,I Can Do It With A Broken Heart,Taylor Swift,14,14,3,2024-05-11
43,Dogtooth,"Tyler, The Creator",NEW,43,1,2024-05-11
44,Promise,Laufey,NEW,44,1,2024-05-11
45,Intergalactic Janet,Ley Soul,RE-ENTRY,36,2,2024-05-11
46,Poison Tree,Grouper,RE-ENTRY,30,2,2024-05-11
47,Mr. Weatherall,Young Hub City Featuring Big Zoe,37,27,8,2024-05-11
48,I Hate It Here,Taylor Swift,NEW,48,1,2024-05-11
49,My Shirt,38 Dezzie,28,28,2,2024-05-11
50,Damn Shorty,Chief Keef & Mike WiLL Made-It Featuring Sexyy Red,NEW,50,1,2024-05-11
1,Million Dollar Baby,Tommy Richman,2,1,2,2024-05-18
2,Tell Ur Girlfriend,Lay Bankz,1,1,5,2024-05-18
3,Like That!,Laila!,4,3,5,2024-05-18
4,A Bar Song (Tipsy),Shaboozey,3,3,3,2024-05-18
5,Pedro,"Jaxomy, Agatino Romero & Raffaella Carra",8,5,4,2024-05-18
6,Gata Only,FloyyMenor X Cris Mj,10,5,10,2024-05-18
7,Hide Away,Daya,11,7,6,2024-05-18
8,Scott Street,Phoebe Bridgers,5,5,3,2024-05-18
9,Not Like Us,Kendrick Lamar,NEW,9,1,2024-05-18
10,I Like The Way You Kiss Me,Artemas,9,2,7,2024-05-18
11,The Chicken In Black,Johnny Cash,6,6,2,2024-05-18
12,Hell N Back,Bakar Featuring Summer Walker,7,2,8,2024-05-18
13,Get It Sexyy,Sexyy Red,13,5,9,2024-05-18
14,Scars,Novulent,25,14,2,2024-05-18
15,Lady Killers II (Christoph Andersson Remix),G-Eazy,16,2,8,2024-05-18
16,Tengo Un Plan,Key-Key & Ozuna,18,16,3,2024-05-18
17,I Bet On Losing Dogs,Mitski,14,14,3,2024-05-18
18,Talk My Shit,BossMan Dlow,17,5,6,2024-05-18
19,Space Song,Beach House,NEW,19,1,2024-05-18
20,Who's Afraid Of Little Old Me?,Taylor Swift,12,4,3,2024-05-18
21,Symphonia IX,Current Joys,NEW,21,1,2024-05-18
22,Como Te Pago,Lenier,NEW,22,1,2024-05-18
23,Si No Quieres No,Luis R Conriquez x Neton Vega,30,23,4,2024-05-18
24,Anything,Adrianne Lenker,23,8,9,2024-05-18
25,So High School,Taylor Swift,28,25,3,2024-05-18
26,End Of Beginning,Djo,21,1,13,2024-05-18
27,Come And Get Your Love,Redbone,19,8,5,2024-05-18
28,Wind Up Missin' You,Tucker Wetmore,15,15,4,2024-05-18
29,Carnival,¥$: Ye & Ty Dolla $ign Featuring Rich The Kid & Playboi Carti,22,1,12,2024-05-18
30,"Not A Lot, Just Forever",Adrianne Lenker,NEW,30,1,2024-05-18
31,Devil Doesn't Bargain,Alec Benjamin,29,29,2,2024-05-18
32,Beautiful Things,Benson Boone,24,2,15,2024-05-18
33,Promise,Laufey,44,33,2,2024-05-18
34,Dance You Outta My Head,Cat Janice,33,1,15,2024-05-18
35,Revival,Zach Bryan,NEW,35,1,2024-05-18
36,BK Back,Baby Kia,NEW,36,1,2024-05-18
37,Someday I'll Get It,Alek Olsen,26,1,9,2024-05-18
38,Ela Me Chamando,Ugovhb X Uxie Kid,NEW,38,1,2024-05-18
39,Tumblr Girls,G-Eazy Featuring Christoph Andersson,RE-ENTRY,14,28,2024-05-18
40,Slay!,Eternxlkz,RE-ENTRY,28,3,2024-05-18
41,Tek It,Cafune,RE-ENTRY,24,3,2024-05-18
42,Smalltown Boy,Bronski Beat,NEW,42,1,2024-05-18
43,II Hands II Heaven,Beyonce,39,39,2,2024-05-18
44,My Love Mine All Mine,Mitski,RE-ENTRY,1,32,2024-05-18
45,Praise Jah In The Moonlight,YG Marley,RE-ENTRY,2,14,2024-05-18
46,Poison Tree,Grouper,46,30,3,2024-05-18
47,Back It Up And Dump It (Dump Truck),"Kinfolk Thugs, GC Eternal & Tyme Bomb",37,4,14,2024-05-18
48,Trees and Flowers,Strawberry Switchblade,NEW,48,1,2024-05-18
49,Find Your People,Drew Holcomb And The Neighbors,NEW,49,1,2024-05-18
50,Zhurek,ADAM,36,20,3,2024-05-18
1,Million Dollar Baby,Tommy Richman,1,1,3,2024-05-25
2,Tell Ur Girlfriend,Lay Bankz,2,1,6,2024-05-25
3,A Bar Song (Tipsy),Shaboozey,4,3,4,2024-05-25
4,Not Like Us,Kendrick Lamar,9,4,2,2024-05-25
5,Like That!,Laila!,3,3,6,2024-05-25
6,Type Shit,"Future, Metro Boomin, Travis Scott & Playboi Carti",NEW,6,1,2024-05-25
7,"Not A Lot, Just Forever",Adrianne Lenker,30,7,2,2024-05-25
8,Gata Only,FloyyMenor X Cris Mj,6,5,11,2024-05-25
9,Fried (She A Vibe),Future & Metro Boomin,NEW,9,1,2024-05-25
10,Scott Street,Phoebe Bridgers,8,5,4,2024-05-25
11,Pedro,"Jaxomy, Agatino Romero & Raffaella Carra",5,5,5,2024-05-25
12,Nasty,Tinashe,NEW,12,1,2024-05-25
13,Blue,Billie Eilish,NEW,13,1,2024-05-25
14,Talk My Shit,BossMan Dlow,18,5,7,2024-05-25
15,I Like The Way You Kiss Me,Artemas,10,2,8,2024-05-25
16,Slay!,Eternxlkz,40,16,4,2024-05-25
17,Get It Sexyy,Sexyy Red,13,5,10,2024-05-25
18,Si No Quieres No,Luis R Conriquez x Neton Vega,23,18,5,2024-05-25
19,Symphonia IX,Current Joys,21,19,2,2024-05-25
20,Hell N Back,Bakar Featuring Summer Walker,12,2,9,2024-05-25
21,Lady Killers II (Christoph Andersson Remix),G-Eazy,15,2,9,2024-05-25
22,Fantasmas,HUMBE,RE-ENTRY,22,4,2024-05-25
23,"San Sanana (Ffom ""Asoka"")",Alka Yagnik,NEW,23,1,2024-05-25
24,Slow Dancing In The Dark,Joji,NEW,24,1,2024-05-25
25,Hide Away,Daya,7,7,7,2024-05-25
26,BK Back,Baby Kia,36,26,2,2024-05-25
27,Carnival,¥$: Ye & Ty Dolla $ign Featuring Rich The Kid & Playboi Carti,29,1,13,2024-05-25
28,Close,Cayo Featuring soser,NEW,28,1,2024-05-25
29,Tengo Un Plan,Key-Key & Ozuna,16,16,4,2024-05-25
30,Anything,Adrianne Lenker,24,8,10,2024-05-25
31,Scars,Novulent,14,14,3,2024-05-25
32,I Bet On Losing Dogs,Mitski,17,14,4,2024-05-25
33,Wind Up Missin' You,Tucker Wetmore,28,15,5,2024-05-25
34,End Of Beginning,Djo,26,1,14,2024-05-25
35,Dance You Outta My Head,Cat Janice,34,1,16,2024-05-25
36,The Chicken In Black,Johnny Cash,11,6,3,2024-05-25
37,Dirt Cheap,Cody Johnson,NEW,37,1,2024-05-25
38,Come And Get Your Love,Redbone,27,8,6,2024-05-25
39,Pretty Brown,Shaun Wiah,NEW,39,1,2024-05-25
40,Beautiful Things,Benson Boone,32,2,16,2024-05-25
41,Who's Afraid Of Little Old Me?,Taylor Swift,20,4,4,2024-05-25
42,My Love Mine All Mine,Mitski,44,1,33,2024-05-25
43,Espresso,Sabrina Carpenter,NEW,43,1,2024-05-25
44,Godspeed,Frank Ocean,NEW,44,1,2024-05-25
45,I Still Think About You,Sweet Boy,NEW,45,1,2024-05-25
46,Fall Back,Lithe,NEW,46,1,2024-05-25
47,Poison Tree,Grouper,46,30,4,2024-05-25
48,Hind's Hall,Macklemore,NEW,48,1,2024-05-25
49,Chihiro,Billie Eilish,NEW,49,1,2024-05-25
50,Highway,Elusin,NEW,50,1,2024-05-25
1,Million Dollar Baby,Tommy Richman,1,1,4,2024-06-01
2,Not Like Us,Kendrick Lamar,4,2,3,2024-06-01
3,Birds Of A Feather,Billie Eilish,NEW,3,1,2024-06-01
4,Tell Ur Girlfriend,Lay Bankz,2,1,7,2024-06-01
5,Type Shit,"Future, Metro Boomin, Travis Scott & Playboi Carti",6,5,2,2024-06-01
6,A Bar Song (Tipsy),Shaboozey,3,3,5,2024-06-01
7,Nasty,Tinashe,12,7,2,2024-06-01
8,Gata Only,FloyyMenor X Cris Mj,8,5,12,2024-06-01
9,Close,Cayo Featuring soser,28,9,2,2024-06-01
10,Si No Quieres No,Luis R Conriquez x Neton Vega,18,10,6,2024-06-01
11,Fall Back,Lithe,46,11,2,2024-06-01
12,Scott Street,Phoebe Bridgers,10,5,5,2024-06-01
13,Lunch,Billie Eilish,NEW,13,1,2024-06-01
14,Fried (She A Vibe),Future & Metro Boomin,9,9,2,2024-06-01
15,Subwoofer Lullaby,C418,NEW,15,1,2024-06-01
16,Symphonia IX,Current Joys,19,16,3,2024-06-01
17,Espresso,Sabrina Carpenter,43,17,2,2024-06-01
18,So Silly (Remix),GloRilla,NEW,18,1,2024-06-01
19,Blue,Billie Eilish,13,13,2,2024-06-01
20,I Like The Way You Kiss Me,Artemas,15,2,9,2024-06-01
21,Pedro,"Jaxomy, Agatino Romero & Raffaella Carra",11,5,6,2024-06-01
22,Talk My Shit,BossMan Dlow,14,5,8,2024-06-01
23,Lady Killers II (Christoph Andersson Remix),G-Eazy,21,2,10,2024-06-01
24,Get It Sexyy,Sexyy Red,17,5,11,2024-06-01
25,Slut Me Out 2,NLE Choppa,NEW,25,1,2024-06-01
26,Half Return,Adrianne Lenker,NEW,26,1,2024-06-01
27,Wildflower,Billie Eilish,NEW,27,1,2024-06-01
28,Back It Up And Dump It (Dump Truck),"Kinfolk Thugs, GC Eternal & Tyme Bomb",RE-ENTRY,4,15,2024-06-01
29,Slay!,Eternxlkz,16,16,5,2024-06-01
30,Pink Skies,Zach Bryan Featuring Watchouse,NEW,30,1,2024-06-01
31,"Not A Lot, Just Forever",Adrianne Lenker,7,7,3,2024-06-01
32,Slow Dancing In The Dark,Joji,24,24,2,2024-06-01
33,Lady Killers III,G-Eazy,NEW,33,1,2024-06-01
34,Ghost Town,Kanye West Featuring PARTYNEXTDOOR,NEW,34,1,2024-06-01
35,Fantasmas,HUMBE,22,22,5,2024-06-01
36,Hell N Back,Bakar Featuring Summer Walker,20,2,10,2024-06-01
37,Carnival,¥$: Ye & Ty Dolla $ign Featuring Rich The Kid & Playboi Carti,27,1,14,2024-06-01
38,Like That!,Laila!,5,3,7,2024-06-01
39,End Of Beginning,Djo,34,1,15,2024-06-01
40,I Still Think About You,Sweet Boy,45,40,2,2024-06-01
41,Crazy,Stephen Kramer Glickman Featuring Marza Wilks,NEW,41,1,2024-06-01
42,My Love Mine All Mine,Mitski,42,1,34,2024-06-01
43,"San Sanana (Ffom ""Asoka"")",Alka Yagnik,23,23,2,2024-06-01
44,Beautiful Things,Benson Boone,40,2,17,2024-06-01
45,BK Back,Baby Kia,26,26,3,2024-06-01
46,Give Me Everything (Stripped Down),Archer Marsh,NEW,46,1,2024-06-01
47,Livin' My Best Life,Dylan Scott,NEW,47,1,2024-06-01
48,Chihiro,Billie Eilish,49,48,2,2024-06-01
49,Dance You Outta My Head,Cat Janice,35,1,17,2024-06-01
50,Okay,JT,NEW,50,1,2024-06-01
1,Million Dollar Baby,Tommy Richman,1,1,5,2024-06-08
2,Tell Ur Girlfriend,Lay Bankz,4,1,8,2024-06-08
3,U My Everything,Sexyy Red & Drake,NEW,3,1,2024-06-08
4,Birds Of A Feather,Billie Eilish,3,3,2,2024-06-08
5,Not Like Us,Kendrick Lamar,2,2,4,2024-06-08
6,Crazy,Stephen Kramer Glickman Featuring Marza Wilks,41,6,2,2024-06-08
7,Type Shit,"Future, Metro Boomin, Travis Scott & Playboi Carti",5,5,3,2024-06-08
8,BAND4BAND,Central Cee & Lil Baby,NEW,8,1,2024-06-08
9,Si No Quieres No,Luis R Conriquez x Neton Vega,10,9,7,2024-06-08
10,Gata Only,FloyyMenor X Cris Mj,8,5,13,2024-06-08
11,Nasty,Tinashe,7,7,3,2024-06-08
12,Fall Back,Lithe,11,11,3,2024-06-08
13,Scott Street,Phoebe Bridgers,12,5,6,2024-06-08
14,A Bar Song (Tipsy),Shaboozey,6,3,6,2024-06-08
15,Close,Cayo Featuring soser,9,9,3,2024-06-08
16,Pink Skies,Zach Bryan Featuring Watchouse,30,16,2,2024-06-08
17,Sky,Playboi Carti,RE-ENTRY,1,6,2024-06-08
18,Lunch,Billie Eilish,13,13,2,2024-06-08
19,Espresso,Sabrina Carpenter,17,17,3,2024-06-08
20,Fantasmas,HUMBE,35,20,6,2024-06-08
21,I Like The Way You Kiss Me,Artemas,20,2,10,2024-06-08
22,Lady Killers II (Christoph Andersson Remix),G-Eazy,23,2,11,2024-06-08
23,Talk My Shit,BossMan Dlow,22,5,9,2024-06-08
24,Fried (She A Vibe),Future & Metro Boomin,14,9,3,2024-06-08
25,Slut Me Out 2,NLE Choppa,25,25,2,2024-06-08
26,Half Return,Adrianne Lenker,26,26,2,2024-06-08
27,Get It Sexyy,Sexyy Red,24,5,12,2024-06-08
28,Back It Up And Dump It (Dump Truck),"Kinfolk Thugs, GC Eternal & Tyme Bomb",28,4,16,2024-06-08
29,Wash.,Bon Iver,NEW,29,1,2024-06-08
30,Pedro,"Jaxomy, Agatino Romero & Raffaella Carra",21,5,7,2024-06-08
31,Wildflower,Billie Eilish,27,27,2,2024-06-08
32,Blue,Billie Eilish,19,13,3,2024-06-08
33,Okay,JT,50,33,2,2024-06-08
34,Symphonia IX,Current Joys,16,16,4,2024-06-08
35,Take A Slice,Glass Animals,NEW,35,1,2024-06-08
36,Freak Hoe,Speaker Knockerz,NEW,36,1,2024-06-08
37,Livin' My Best Life,Dylan Scott,47,37,2,2024-06-08
38,End Of Beginning,Djo,39,1,16,2024-06-08
39,Porque Te Vas,Victor Cibrian X Gabito Ballesteros,NEW,39,1,2024-06-08
40,Feather,Sabrina Carpenter,NEW,40,1,2024-06-08
41,Space Song,Beach House,RE-ENTRY,19,2,2024-06-08
42,I Bet On Losing Dogs,Mitski,RE-ENTRY,14,5,2024-06-08
43,Dance You Outta My Head,Cat Janice,49,1,18,2024-06-08
44,Like That!,Laila!,38,3,8,2024-06-08
45,Scars,Novulent,RE-ENTRY,14,4,2024-06-08
46,Beautiful Things,Benson Boone,44,2,18,2024-06-08
47,There's Your Trouble,The Chicks,NEW,47,1,2024-06-08
48,Poison Tree,Grouper,RE-ENTRY,30,5,2024-06-08
49,Carnival,¥$: Ye & Ty Dolla $ign Featuring Rich The Kid & Playboi Carti,37,1,15,2024-06-08
50,Laced Max,LAZER DIM 700,NEW,50,1,2024-06-08
1,Million Dollar Baby,Tommy Richman,1,1,6,2024-06-15
2,U My Everything,Sexyy Red & Drake,3,2,2,2024-06-15
3,Birds Of A Feather,Billie Eilish,4,3,3,2024-06-15
4,Tell Ur Girlfriend,Lay Bankz,2,1,9,2024-06-15
5,Not Like Us,Kendrick Lamar,5,2,5,2024-06-15
6,Rock Your Hips,"310babii, OhGeesy & BlueBucksClan Or & Saweetie",NEW,6,1,2024-06-15
7,Nasty,Tinashe,11,7,4,2024-06-15
8,Gata Only,FloyyMenor X Cris Mj,10,5,14,2024-06-15
9,BAND4BAND,Central Cee & Lil Baby,8,8,2,2024-06-15
10,Please Please Please,Sabrina Carpenter,NEW,10,1,2024-06-15
11,Fake Jammin,Sexyy Red,NEW,11,1,2024-06-15
12,Si No Quieres No,Luis R Conriquez x Neton Vega,9,9,8,2024-06-15
13,Close,Cayo Featuring soser,15,9,4,2024-06-15
14,Scott Street,Phoebe Bridgers,13,5,7,2024-06-15
15,PORSCHE (Slowed Down),NXY0TAR0,NEW,15,1,2024-06-15
16,Houdini,Eminem,NEW,16,1,2024-06-15
17,Crazy,Stephen Kramer Glickman Featuring Marza Wilks,6,6,3,2024-06-15
18,Type Shit,"Future, Metro Boomin, Travis Scott & Playboi Carti",7,5,4,2024-06-15
19,Espresso,Sabrina Carpenter,19,17,4,2024-06-15
20,A Bar Song (Tipsy),Shaboozey,14,3,7,2024-06-15
21,Pink Skies,Zach Bryan Featuring Watchouse,16,16,3,2024-06-15
22,Lady Killers II (Christoph Andersson Remix),G-Eazy,22,2,12,2024-06-15
23,Wildflower,Billie Eilish,31,23,3,2024-06-15
24,Dont Understand,snowblind & n3wd,NEW,24,1,2024-06-15
25,Okay,JT,33,25,3,2024-06-15
26,Selfharm,Monetochka,NEW,26,1,2024-06-15
27,Girls Just Wanna Have Fun (Sped Up),Chromatics,NEW,27,1,2024-06-15
28,Lunch,Billie Eilish,18,13,3,2024-06-15
29,Tendencia,yagobeats,NEW,29,1,2024-06-15
30,I Like The Way You Kiss Me,Artemas,21,2,11,2024-06-15
31,"Me, Myself & I",G-Eazy x Bebe Rexha,NEW,31,1,2024-06-15
32,Talk My Shit,BossMan Dlow,23,5,10,2024-06-15
33,Symphonia IX,Current Joys,34,16,5,2024-06-15
34,Hate Bein' Sober,Chief Keef Featuring 50 Cent & Wiz Khalifa,NEW,34,1,2024-06-15
35,Kehlani,Jordan Adetunji,NEW,35,1,2024-06-15
36,Get It Sexyy,Sexyy Red,27,5,13,2024-06-15
37,Back It Up And Dump It (Dump Truck),"Kinfolk Thugs, GC Eternal & Tyme Bomb",28,4,17,2024-06-15
38,Killswitch Lullaby,Flawed Mangoes,NEW,38,1,2024-06-15
39,The Smallest Man Who Ever Lived,Taylor Swift,NEW,39,1,2024-06-15
40,Fantasmas,HUMBE,20,20,7,2024-06-15
41,Wanna Be,GloRilla & Megan Thee Stallion,NEW,41,1,2024-06-15
42,Slut Me Out 2,NLE Choppa,25,25,3,2024-06-15
43,Take A Slice,Glass Animals,35,35,2,2024-06-15
44,Snowfall (Sped Up),Oneheart & reidenshi,RE-ENTRY,22,3,2024-06-15
45,Fried (She A Vibe),Future & Metro Boomin,24,9,4,2024-06-15
46,Damn Shorty,Chief Keef & Mike WiLL Made-It Featuring Sexyy Red,RE-ENTRY,46,2,2024-06-15
47,Pedro,"Jaxomy, Agatino Romero & Raffaella Carra",30,5,8,2024-06-15
48,Half Return,Adrianne Lenker,26,26,3,2024-06-15
49,Dance You Outta My Head,Cat Janice,43,1,19,2024-06-15
50,Feather,Sabrina Carpenter,40,40,2,2024-06-15
1,Million Dollar Baby,Tommy Richman,1,1,7,2024-06-22
2,Please Please Please,Sabrina Carpenter,10,2,2,2024-06-22
3,Nasty,Tinashe,7,3,5,2024-06-22
4,Birds Of A Feather,Billie Eilish,3,3,4,2024-06-22
5,U My Everything,Sexyy Red & Drake,2,2,3,2024-06-22
6,Tell Ur Girlfriend,Lay Bankz,4,1,10,2024-06-22
7,Not Like Us,Kendrick Lamar,5,2,6,2024-06-22
8,Gata Only,FloyyMenor X Cris Mj,8,5,15,2024-06-22
9,PORSCHE (Slowed Down),NXY0TAR0,15,9,2,2024-06-22
10,Fake Jammin,Sexyy Red,11,10,2,2024-06-22
11,Si No Quieres No,Luis R Conriquez x Neton Vega,12,9,9,2024-06-22
12,Swimming Pools (Drank) Extended Version,Kendrick Lamar,RE-ENTRY,12,4,2024-06-22
13,Wildflower,Billie Eilish,23,13,4,2024-06-22
14,"Me, Myself & I",G-Eazy x Bebe Rexha,31,14,2,2024-06-22
15,Scott Street,Phoebe Bridgers,14,5,8,2024-06-22
16,Okay,JT,25,16,4,2024-06-22
17,Rock Your Hips,"310babii, OhGeesy & BlueBucksClan Or & Saweetie",6,6,2,2024-06-22
18,Lobster,RJ Pasin,NEW,18,1,2024-06-22
19,Jennifer,Trinidad Cardona,NEW,19,1,2024-06-22
20,Close,Cayo Featuring soser,13,9,5,2024-06-22
21,BAND4BAND,Central Cee & Lil Baby,9,8,3,2024-06-22
22,Killswitch Lullaby,Flawed Mangoes,38,22,2,2024-06-22
23,You Got Me Worse,i don't like mirrors,NEW,23,1,2024-06-22
24,Espresso,Sabrina Carpenter,19,17,5,2024-06-22
25,Kehlani,Jordan Adetunji,35,25,2,2024-06-22
26,Fantasmas,HUMBE,40,20,8,2024-06-22
27,Type Shit,"Future, Metro Boomin, Travis Scott & Playboi Carti",18,5,5,2024-06-22
28,A Bar Song (Tipsy),Shaboozey,20,3,8,2024-06-22
29,Girls Just Wanna Have Fun (Sped Up),Chromatics,27,27,2,2024-06-22
30,Pink Skies,Zach Bryan Featuring Watchouse,21,16,4,2024-06-22
31,Not-My-Problem,Laila!,NEW,31,1,2024-06-22
32,Get It Sexyy,Sexyy Red,36,5,14,2024-06-22
33,Tendencia,yagobeats,29,29,2,2024-06-22
34,Talk My Shit,BossMan Dlow,32,5,11,2024-06-22
35,Lady Killers II (Christoph Andersson Remix),G-Eazy,22,2,13,2024-06-22
36,A Summer Place,Hollywood Strings Orchestra,NEW,36,1,2024-06-22
37,Mr. Krabs,Pnut2Playa,NEW,37,1,2024-06-22
38,Anything,Adrianne Lenker,RE-ENTRY,8,11,2024-06-22
39,I Like The Way You Kiss Me,Artemas,30,2,12,2024-06-22
40,Sexyy Love Money,Sexyy Red & VonOff1700,NEW,40,1,2024-06-22
41,Lunch,Billie Eilish,28,13,4,2024-06-22
42,Wanna Be,GloRilla & Megan Thee Stallion,41,41,2,2024-06-22
43,Eek!,Surasshu,NEW,43,1,2024-06-22
44,Crazy,Stephen Kramer Glickman Featuring Marza Wilks,17,6,4,2024-06-22
45,Montagem Rave Eterno,dj Samir & Fyex,NEW,45,1,2024-06-22
46,Heat Waves,Glass Animals,NEW,46,1,2024-06-22
47,Houdini,Eminem,16,16,2,2024-06-22
48,High Road,Koe Wetzel & Jessie Murph,NEW,48,1,2024-06-22
49,Pedro,"Jaxomy, Agatino Romero & Raffaella Carra",47,5,9,2024-06-22
50,Symphonia IX,Current Joys,33,16,6,2024-06-22
1,Million Dollar Baby,Tommy Richman,1,1,8,2024-06-29
2,Nasty,Tinashe,3,2,6,2024-06-29
3,Please Please Please,Sabrina Carpenter,2,2,3,2024-06-29
4,Birds Of A Feather,Billie Eilish,4,3,5,2024-06-29
5,Not Like Us,Kendrick Lamar,7,2,7,2024-06-29
6,Tell Ur Girlfriend,Lay Bankz,6,1,11,2024-06-29
7,Kehlani,Jordan Adetunji,25,7,3,2024-06-29
8,U My Everything,Sexyy Red & Drake,5,2,4,2024-06-29
9,You Look Like You Love Me,Ella Langley Featuring Riley Green,NEW,9,1,2024-06-29
10,Gata Only,FloyyMenor X Cris Mj,8,5,16,2024-06-29
11,Fake Jammin,Sexyy Red,10,10,3,2024-06-29
12,Okay,JT,16,12,5,2024-06-29
13,PORSCHE (Slowed Down),NXY0TAR0,9,9,3,2024-06-29
14,Wildflower,Billie Eilish,13,13,5,2024-06-29
15,Scott Street,Phoebe Bridgers,15,5,9,2024-06-29
16,Not-My-Problem,Laila!,31,16,2,2024-06-29
17,Swimming Pools (Drank) Extended Version,Kendrick Lamar,12,12,5,2024-06-29
18,Si No Quieres No,Luis R Conriquez x Neton Vega,11,9,10,2024-06-29
19,"Me, Myself & I",G-Eazy x Bebe Rexha,14,14,3,2024-06-29
20,Espresso,Sabrina Carpenter,24,17,6,2024-06-29
21,Close,Cayo Featuring soser,20,9,6,2024-06-29
22,Pink Skies,Zach Bryan Featuring Watchouse,30,16,5,2024-06-29
23,Jennifer,Trinidad Cardona,19,19,2,2024-06-29
24,No Contempt,Lelo,NEW,24,1,2024-06-29
25,Shake Dat Ass (Twerk Song),BossMan Dlow,NEW,25,1,2024-06-29
26,A Bar Song (Tipsy),Shaboozey,28,3,9,2024-06-29
27,BAND4BAND,Central Cee & Lil Baby,21,8,4,2024-06-29
28,Take A Slice,Glass Animals,RE-ENTRY,28,3,2024-06-29
29,Get It Sexyy,Sexyy Red,32,5,15,2024-06-29
30,A Summer Place,Hollywood Strings Orchestra,36,30,2,2024-06-29
31,You Got Me Worse,i don't like mirrors,23,23,2,2024-06-29
32,Type Shit,"Future, Metro Boomin, Travis Scott & Playboi Carti",27,5,6,2024-06-29
33,Talk My Shit,BossMan Dlow,34,5,12,2024-06-29
34,Broccoli,D.R.A.M. Featuring Lil Yachty,NEW,34,1,2024-06-29
35,Wanna Be,GloRilla & Megan Thee Stallion,42,35,3,2024-06-29
36,Sexyy Love Money,Sexyy Red & VonOff1700,40,36,2,2024-06-29
37,Lady Killers II (Christoph Andersson Remix),G-Eazy,35,2,14,2024-06-29
38,No Flex Zone (Remix),Rae Sremmurd,NEW,38,1,2024-06-29
39,Life Letters,Never Get Used To People,NEW,39,1,2024-06-29
40,Looking For The Hoes (Ain't My Fault),Sexyy Red,RE-ENTRY,19,7,2024-06-29
41,Anything,Adrianne Lenker,38,8,12,2024-06-29
42,Fantasmas,HUMBE,26,20,9,2024-06-29
43,Kompa Pasion,frozy,NEW,43,1,2024-06-29
44,I Like The Way You Kiss Me,Artemas,39,2,13,2024-06-29
45,Back It Up And Dump It (Dump Truck),"Kinfolk Thugs, GC Eternal & Tyme Bomb",RE-ENTRY,4,18,2024-06-29
46,I Know You,Faye Webster,NEW,46,1,2024-06-29
47,Rock Your Hips,"310babii, OhGeesy & BlueBucksClan Or & Saweetie",17,6,3,2024-06-29
48,Nights Like This,The Kid LAROI,NEW,48,1,2024-06-29
49,Crazy,Stephen Kramer Glickman Featuring Marza Wilks,44,6,5,2024-06-29
50,Symphonia IX,Current Joys,50,16,7,2024-06-29
1,Million Dollar Baby,Tommy Richman,1,1,9,2024-07-06
2,Nasty,Tinashe,2,2,7,2024-07-06
3,Please Please Please,Sabrina Carpenter,3,2,4,2024-07-06
4,Birds Of A Feather,Billie Eilish,4,3,6,2024-07-06
5,You Look Like You Love Me,Ella Langley Featuring Riley Green,9,5,2,2024-07-06
6,Kehlani,Jordan Adetunji,7,6,4,2024-07-06
7,Not Like Us,Kendrick Lamar,5,2,8,2024-07-06
8,Tell Ur Girlfriend,Lay Bankz,6,1,12,2024-07-06
9,Shake Dat Ass (Twerk Song),BossMan Dlow,25,9,2,2024-07-06
10,Just Know,BlackMayo,NEW,10,1,2024-07-06
11,sniper gonna fuk,sniper2004,NEW,11,1,2024-07-06
12,Gata Only,FloyyMenor X Cris Mj,10,5,17,2024-07-06
13,Si Antes Te Hubiera Conocido,Karol G,NEW,13,1,2024-07-06
14,Yo Bunny,prodbycpkshawn & uglyandz,NEW,14,1,2024-07-06
15,U My Everything,Sexyy Red & Drake,8,2,5,2024-07-06
16,Fake Jammin,Sexyy Red,11,10,4,2024-07-06
17,Work,Iggy Azalea,NEW,17,1,2024-07-06
18,Okay,JT,12,12,6,2024-07-06
19,Not-My-Problem,Laila!,16,16,3,2024-07-06
20,Scott Street,Phoebe Bridgers,15,5,10,2024-07-06
21,It Boy,bbno$,NEW,21,1,2024-07-06
22,Take A Slice,Glass Animals,28,22,4,2024-07-06
23,Kompa Pasion,frozy,43,23,2,2024-07-06
24,Wildflower,Billie Eilish,14,13,6,2024-07-06
25,Close,Cayo Featuring soser,21,9,7,2024-07-06
26,Espresso,Sabrina Carpenter,20,17,7,2024-07-06
27,Swimming Pools (Drank) Extended Version,Kendrick Lamar,17,12,6,2024-07-06
28,Si No Quieres No,Luis R Conriquez x Neton Vega,18,9,11,2024-07-06
29,Pink Skies,Zach Bryan Featuring Watchouse,22,16,6,2024-07-06
30,End Of Beginning,Djo,RE-ENTRY,1,17,2024-07-06
31,Wanna Be,GloRilla & Megan Thee Stallion,35,31,4,2024-07-06
32,Bejeweled,Taylor Swift,RE-ENTRY,25,3,2024-07-06
33,Nights Like This,The Kid LAROI,48,33,2,2024-07-06
34,No Contempt,Lelo,24,24,2,2024-07-06
35,A Bar Song (Tipsy),Shaboozey,26,3,10,2024-07-06
36,Fantasmas,HUMBE,42,20,10,2024-07-06
37,"Me, Myself & I",G-Eazy x Bebe Rexha,19,14,4,2024-07-06
38,"Bundle of Joy (From ""Inside Out"")",Mark Northam,NEW,38,1,2024-07-06
39,Get It Sexyy,Sexyy Red,29,5,16,2024-07-06
40,Looking For The Hoes (Ain't My Fault),Sexyy Red,40,19,8,2024-07-06
41,Coney Island Baby,The Excellents,NEW,41,1,2024-07-06
42,Jennifer,Trinidad Cardona,23,19,3,2024-07-06
43,BAND4BAND,Central Cee & Lil Baby,27,8,5,2024-07-06
44,PORSCHE (Slowed Down),NXY0TAR0,13,9,4,2024-07-06
45,She's Back,Sexyy Red,NEW,45,1,2024-07-06
46,Champagne Coast,Blood Orange,NEW,46,1,2024-07-06
47,Lady Killers II (Christoph Andersson Remix),G-Eazy,37,2,15,2024-07-06
48,Magic Johnson,ian,NEW,48,1,2024-07-06
49,Candy,Doja Cat,NEW,49,1,2024-07-06
50,Devil Is A Lie,Tommy Richman,NEW,50,1,2024-07-06
